text,model,type,origin
"Bo1eto de contribuição assistencia1
Cedente sindicato código do beneficiário
Autenticação bancária 00000.00000 11111.111111 22222.222222
Período de apuração [DATE] a [DATE]
5indicato dos empregados contribuição confederativa",BoletoSindicato,GuiaPagamento,synthetic
"INSS Guia da Previdência Social GPS
Ministério da Previdência Social
Código de pagamento 2100
Identificação do sujeito passivo [CNPJ]
Vencimento [DATE] valor total [MONEY]",GuiaGPS,GuiaPagamento,synthetic
"Período de apuração [DATE] a [DATE]
Guia de Arrecadação - GA
Guia de Arrecadação
Estado do Rio Grande Do Sul
Identificação do sujeito passivo [CNPJ]",GARS,GuiaPagamento,synthetic
"Identificação do sujeito passivo [CNPJ]
Contrato de prestação de serviços cláusula primeira
Contribuinte: Empresa Exemplo 104 LTDA CNPJ [CNPJ]
As partes acima identificadas têm entre si justo e contratado
Código de barras 85640000001234567890123456789012345678901234",Desconhecido,Desconhecido,synthetic
"Contrato de prestação de serviços cláusula primeira
As partes acima identificadas têm entre si justo e contratado
Identificação do sujeito passivo [CNPJ]
Código de barras 85640000001234567890123456789012345678901234",Desconhecido,Desconhecido,synthetic
"IRRF - Rendimento do trabalho assalariado DCTFWeb
Contribuinte: Empresa Exemplo 104 LTDA CNPJ [CNPJ]
Autenticação bancária 00000.00000 11111.111111 22222.222222
Período de apuração [DATE] a [DATE]
Documento de Arrecadação de Receitas Federais
Contribuição previdenciária CONTRPREV",DCTFWEB,GuiaPagamento,synthetic
"Documento de Arrecadação de Receitas Federais
Contribuinte: Empresa Exemplo 104 LTDA CNPJ [CNPJ]
DARF código da receita 2089
Ministério da Fazenda Secretaria da Receita Federal do Brasil
Identificação do sujeito passivo [CNPJ]
Autenticação bancária 00000.00000 11111.111111 22222.222222
Código de barras 85640000001234567890123456789012345678901234",DARF,GuiaPagamento,synthetic
"Código de barras 85640000001234567890123456789012345678901234
Guia de Arrecadação
Autenticação bancária 00000.00000 11111.111111 22222.222222
Guia de Arrecadação - GA
Estado do Rio Grande Do Sul
Período de apuração [DATE] a [DATE]
Contribuinte: Empresa Exemplo 104 LTDA CNPJ [CNPJ]",GARS,GuiaPagamento,synthetic
"Fundo de Garantia do Tempo de Serviço
Código de barras 85640000001234567890123456789012345678901234
Período de apuração [DATE] a [DATE]
Competência da guia FGTS Digital
Autenticação bancária 00000.00000 11111.111111 22222.222222
GFD - Guia do FGTS Digital",FGTSDigital,GuiaPagamento,synthetic
"Boleto de contribuição assistencial
Contribuinte: Empresa Exemplo 104 LTDA CNPJ [CNPJ]
Sindicato dos empregados contribuição confederativa
Código de barras 85640000001234567890123456789012345678901234
Cedente sindicato código do beneficiário",BoletoSindicato,GuiaPagamento,synthetic
"5istema Púb1ico de Escrituração Digita1 5PED
Vencimento [DATE] va1or tota1 [MONEY]
EFD 1CM5 1P1 número do recibo
1dentificação do sujeito passivo [CNPJ]
Contribuinte: Empresa Exemp1o 104 LTDA CNPJ [CNPJ]
Recibo de entrega de Escrituração Fisca1 Digita1",SPEDFiscal,Recibo,synthetic
"Documento de Arrecadação do 5imp1es Naciona1
Receita Federa1 do Brasi1 DA5
Período de apuração [DATE] a [DATE]
Código de barras 85640000001234567890123456789012345678901234
Contribuinte: Empresa Exemp1o 104 LTDA CNPJ [CNPJ]
Programa Gerador do DA5",SimplesNacional,GuiaPagamento,synthetic
"Ministério da Fazenda Secretaria da Receita Federal do Brasil
Período de apuração [DATE] a [DATE]
Identificação do sujeito passivo [CNPJ]
Documento de Arrecadação de Receitas Federais
DARF código da receita 2089",DARF,GuiaPagamento,synthetic
"Presentes os sócios na sede da sociedade
Ata de reunião pauta 1 aprovação das contas
Contribuinte: Empresa Exemp1o 104 LTDA CNPJ [CNPJ]
Código de barras 85640000001234567890123456789012345678901234
Vencimento [DATE] va1or tota1 [MONEY]",Desconhecido,Desconhecido,synthetic
"1dentificação do sujeito passivo [CNPJ]
EFD 1CM5 1P1 número do recibo
5istema Púb1ico de Escrituração Digita1 5PED
Recibo de entrega de Escrituração Fisca1 Digita1
Contribuinte: Empresa Exemp1o 104 LTDA CNPJ [CNPJ]
Código de barras 85640000001234567890123456789012345678901234
Autenticação bancária 00000.00000 11111.111111 22222.222222",SPEDFiscal,Recibo,synthetic
"Vencimento [DATE] valor total [MONEY]
Código de barras 85640000001234567890123456789012345678901234
Período de apuração [DATE] a [DATE]
Autenticação bancária 00000.00000 11111.111111 22222.222222
Demonstrativo de Resultado
Demonstração de Resultado",DREMensal,Relatorio,synthetic
"Documento de Arrecadação do Simples Nacional
Programa Gerador do DAS
Código de barras 85640000001234567890123456789012345678901234
Receita Federal do Brasil DAS
Autenticação bancária 00000.00000 11111.111111 22222.222222
Período de apuração [DATE] a [DATE]",SimplesNacional,GuiaPagamento,synthetic
"Código de pagamento 2100
Ministério da Previdência Social
INSS Guia da Previdência Social GPS
Autenticação bancária 00000.00000 11111.111111 22222.222222
Código de barras 85640000001234567890123456789012345678901234",GuiaGPS,GuiaPagamento,synthetic
"Autenticação bancária 00000.00000 11111.111111 22222.222222
Identificação do sujeito passivo [CNPJ]
Adiantamento Salarial
Adiantamento
Código de barras 85640000001234567890123456789012345678901234
Declaro ter recebido a importância líquida",Contracheque,Recibo,synthetic
"Período de apuração [DATE] a [DATE]
Contribuinte: Empresa Exemplo 104 LTDA CNPJ [CNPJ]
Ata de reunião pauta 1 aprovação das contas
Presentes os sócios na sede da sociedade",Desconhecido,Desconhecido,synthetic
"Vencimento [DATE] valor total [MONEY]
Contribuinte: Empresa Exemplo 104 LTDA CNPJ [CNPJ]
Identificação do sujeito passivo [CNPJ]
Autenticação bancária 00000.00000 11111.111111 22222.222222
As partes acima identificadas têm entre si justo e contratado
Contrato de prestação de serviços cláusula primeira",Desconhecido,Desconhecido,synthetic
"Código de barras 85640000001234567890123456789012345678901234
Vencimento [DATE] valor total [MONEY]
Competência da guia FGTS Digital
Fundo de Garantia do Tempo de Serviço
GFD - Guia do FGTS Digital",FGTSDigital,GuiaPagamento,synthetic
"1dentificação do sujeito passivo [CNPJ]
Código de barras 85640000001234567890123456789012345678901234
Dec1aro ter recebido a importância 1íquida
Adiantamento
Adiantamento 5a1aria1",Contracheque,Recibo,synthetic
"Guia de Arrecadação
Código de barras 85640000001234567890123456789012345678901234
Estado do Rio Grande Do Sul
Identificação do sujeito passivo [CNPJ]
Guia de Arrecadação - GA
Contribuinte: Empresa Exemplo 104 LTDA CNPJ [CNPJ]",GARS,GuiaPagamento,synthetic
"Autenticação bancária 00000.00000 11111.111111 22222.222222
Período de apuração [DATE] a [DATE]
Declaro ter recebido a importância líquida
Adiantamento
Adiantamento Salarial",Contracheque,Recibo,synthetic
"Identificação do sujeito passivo [CNPJ]
Receita Federal do Brasil DAS
Documento de Arrecadação do Simples Nacional
Código de barras 85640000001234567890123456789012345678901234
Contribuinte: Empresa Exemplo 104 LTDA CNPJ [CNPJ]
Autenticação bancária 00000.00000 11111.111111 22222.222222
Programa Gerador do DAS",SimplesNacional,GuiaPagamento,synthetic
"DARF código da receita 2089
Contribuinte: Empresa Exemplo 104 LTDA CNPJ [CNPJ]
Código de barras 85640000001234567890123456789012345678901234
Documento de Arrecadação de Receitas Federais
Ministério da Fazenda Secretaria da Receita Federal do Brasil",DARF,GuiaPagamento,synthetic
"Período de apuração [DATE] a [DATE]
Código de barras 85640000001234567890123456789012345678901234
Demonstração de Resultado
Demonstrativo de Resultado
Autenticação bancária 00000.00000 11111.111111 22222.222222
Contribuinte: Empresa Exemplo 104 LTDA CNPJ [CNPJ]",DREMensal,Relatorio,synthetic
"Identificação do sujeito passivo [CNPJ]
Presentes os sócios na sede da sociedade
Vencimento [DATE] valor total [MONEY]
Autenticação bancária 00000.00000 11111.111111 22222.222222
Ata de reunião pauta 1 aprovação das contas",Desconhecido,Desconhecido,synthetic
"Programa Gerador do DAS
Documento de Arrecadação do Simples Nacional
Vencimento [DATE] valor total [MONEY]
Identificação do sujeito passivo [CNPJ]
Período de apuração [DATE] a [DATE]
Contribuinte: Empresa Exemplo 104 LTDA CNPJ [CNPJ]
Receita Federal do Brasil DAS",SimplesNacional,GuiaPagamento,synthetic
"Período de apuração [DATE] a [DATE]
Autenticação bancária 00000.00000 11111.111111 22222.222222
Recibo de entrega de Escrituração Fiscal Digital
EFD ICMS IPI número do recibo
Vencimento [DATE] valor total [MONEY]
Sistema Público de Escrituração Digital SPED",SPEDFiscal,Recibo,synthetic
"Competência da guia FGTS Digital
Fundo de Garantia do Tempo de Serviço
Identificação do sujeito passivo [CNPJ]
Contribuinte: Empresa Exemplo 104 LTDA CNPJ [CNPJ]
GFD - Guia do FGTS Digital
Vencimento [DATE] valor total [MONEY]
Autenticação bancária 00000.00000 11111.111111 22222.222222",FGTSDigital,GuiaPagamento,synthetic
"Autenticação bancária 00000.00000 11111.111111 22222.222222
Sistema Público de Escrituração Digital SPED
EFD ICMS IPI número do recibo
Identificação do sujeito passivo [CNPJ]
Recibo de entrega de Escrituração Fiscal Digital
Vencimento [DATE] valor total [MONEY]
Contribuinte: Empresa Exemplo 104 LTDA CNPJ [CNPJ]",SPEDFiscal,Recibo,synthetic
"Identificação do sujeito passivo [CNPJ]
Período de apuração [DATE] a [DATE]
Ministério da Fazenda Secretaria da Receita Federal do Brasil
DARF código da receita 2089
Vencimento [DATE] valor total [MONEY]
Documento de Arrecadação de Receitas Federais",DARF,GuiaPagamento,synthetic
"Bo1eto de contribuição assistencia1
5indicato dos empregados contribuição confederativa
Autenticação bancária 00000.00000 11111.111111 22222.222222
Cedente sindicato código do beneficiário
Vencimento [DATE] va1or tota1 [MONEY]",BoletoSindicato,GuiaPagamento,synthetic
"ISSQN Imposto Sobre Serviços de Qualquer Natureza
Guia de recolhimento municipal
Código de barras 85640000001234567890123456789012345678901234
Vencimento [DATE] valor total [MONEY]
Contribuinte: Empresa Exemplo 104 LTDA CNPJ [CNPJ]
Prefeitura de Porto Alegre",ISSPoa,GuiaPagamento,synthetic
"Contribuição previdenciária CONTRPREV
Documento de Arrecadação de Receitas Federais
Contribuinte: Empresa Exemplo 104 LTDA CNPJ [CNPJ]
IRRF - Rendimento do trabalho assalariado DCTFWeb
Vencimento [DATE] valor total [MONEY]",DCTFWEB,GuiaPagamento,synthetic
"Vencimento [DATE] va1or tota1 [MONEY]
Receita Federa1 do Brasi1 DA5
Programa Gerador do DA5
1dentificação do sujeito passivo [CNPJ]
Autenticação bancária 00000.00000 11111.111111 22222.222222
Documento de Arrecadação do 5imp1es Naciona1",SimplesNacional,GuiaPagamento,synthetic
"DARF código da receita 2089
Ministério da Fazenda Secretaria da Receita Federal do Brasil
Vencimento [DATE] valor total [MONEY]
Identificação do sujeito passivo [CNPJ]
Documento de Arrecadação de Receitas Federais",DARF,GuiaPagamento,synthetic
"As partes acima identificadas têm entre si justo e contratado
Identificação do sujeito passivo [CNPJ]
Código de barras 85640000001234567890123456789012345678901234
Contrato de prestação de serviços cláusula primeira
Contribuinte: Empresa Exemplo 104 LTDA CNPJ [CNPJ]",Desconhecido,Desconhecido,synthetic
"Autenticação bancária 00000.00000 11111.111111 22222.222222
Demonstrativo de Resultado
Código de barras 85640000001234567890123456789012345678901234
Demonstração de Resultado
Contribuinte: Empresa Exemplo 104 LTDA CNPJ [CNPJ]
Vencimento [DATE] valor total [MONEY]",DREMensal,Relatorio,synthetic
"Identificação do sujeito passivo [CNPJ]
Autenticação bancária 00000.00000 11111.111111 22222.222222
Documento de Arrecadação do Simples Nacional
Programa Gerador do DAS
Receita Federal do Brasil DAS
Vencimento [DATE] valor total [MONEY]",SimplesNacional,GuiaPagamento,synthetic
"Guia de reco1himento municipa1
Código de barras 85640000001234567890123456789012345678901234
Prefeitura de Porto A1egre
155QN 1mposto 5obre 5erviços de Qua1quer Natureza
Período de apuração [DATE] a [DATE]
Contribuinte: Empresa Exemp1o 104 LTDA CNPJ [CNPJ]
1dentificação do sujeito passivo [CNPJ]",ISSPoa,GuiaPagamento,synthetic
"Código de barras 85640000001234567890123456789012345678901234
Vencimento [DATE] va1or tota1 [MONEY]
155QN 1mposto 5obre 5erviços de Qua1quer Natureza
Contribuinte: Empresa Exemp1o 104 LTDA CNPJ [CNPJ]
Guia de reco1himento municipa1
Período de apuração [DATE] a [DATE]
Prefeitura de Porto A1egre",ISSPoa,GuiaPagamento,synthetic
"Vencimento [DATE] valor total [MONEY]
Autenticação bancária 00000.00000 11111.111111 22222.222222
Fundo de Garantia do Tempo de Serviço
Competência da guia FGTS Digital
GFD - Guia do FGTS Digital",FGTSDigital,GuiaPagamento,synthetic
"Vencimento [DATE] valor total [MONEY]
Pedido de compra ordem 4521
Código de barras 85640000001234567890123456789012345678901234
Quantidade 10 unidades descrição material de escritório
Contribuinte: Empresa Exemplo 104 LTDA CNPJ [CNPJ]",Desconhecido,Desconhecido,synthetic
"Código de barras 85640000001234567890123456789012345678901234
Contribuição previdenciária CONTRPREV
Autenticação bancária 00000.00000 11111.111111 22222.222222
IRRF - Rendimento do trabalho assalariado DCTFWeb
Documento de Arrecadação de Receitas Federais
Vencimento [DATE] valor total [MONEY]",DCTFWEB,GuiaPagamento,synthetic
"Competência da guia FGTS Digital
Fundo de Garantia do Tempo de Serviço
Autenticação bancária 00000.00000 11111.111111 22222.222222
Período de apuração [DATE] a [DATE]
GFD - Guia do FGTS Digital",FGTSDigital,GuiaPagamento,synthetic
"Período de apuração [DATE] a [DATE]
Adiantamento
Adiantamento Salarial
Declaro ter recebido a importância líquida
Contribuinte: Empresa Exemplo 104 LTDA CNPJ [CNPJ]",Contracheque,Recibo,synthetic
"Autenticação bancária 00000.00000 11111.111111 22222.222222
Prefeitura de Porto A1egre
1dentificação do sujeito passivo [CNPJ]
Guia de reco1himento municipa1
Código de barras 85640000001234567890123456789012345678901234
155QN 1mposto 5obre 5erviços de Qua1quer Natureza
Vencimento [DATE] va1or tota1 [MONEY]",ISSPoa,GuiaPagamento,synthetic
"Pedido de compra ordem 4521
Quantidade 10 unidades descrição material de escritório
Período de apuração [DATE] a [DATE]
Identificação do sujeito passivo [CNPJ]
Código de barras 85640000001234567890123456789012345678901234",Desconhecido,Desconhecido,synthetic
"Autenticação bancária 00000.00000 11111.111111 22222.222222
As partes acima identificadas têm entre si justo e contratado
Contrato de prestação de serviços cláusula primeira
Contribuinte: Empresa Exemplo 104 LTDA CNPJ [CNPJ]",Desconhecido,Desconhecido,synthetic
"Contribuição previdenciária CONTRPREV
Documento de Arrecadação de Receitas Federais
Vencimento [DATE] valor total [MONEY]
IRRF - Rendimento do trabalho assalariado DCTFWeb
Código de barras 85640000001234567890123456789012345678901234",DCTFWEB,GuiaPagamento,synthetic
"Vencimento [DATE] valor total [MONEY]
Documento de Arrecadação de Receitas Federais
Autenticação bancária 00000.00000 11111.111111 22222.222222
Contribuição previdenciária CONTRPREV
IRRF - Rendimento do trabalho assalariado DCTFWeb",DCTFWEB,GuiaPagamento,synthetic
"Ministério da Previdência Social
Código de barras 85640000001234567890123456789012345678901234
INSS Guia da Previdência Social GPS
Autenticação bancária 00000.00000 11111.111111 22222.222222
Identificação do sujeito passivo [CNPJ]
Código de pagamento 2100",GuiaGPS,GuiaPagamento,synthetic
"Código de barras 85640000001234567890123456789012345678901234
Demonstração de Resultado
Autenticação bancária 00000.00000 11111.111111 22222.222222
Demonstrativo de Resultado",DREMensal,Relatorio,synthetic
"Contribuinte: Empresa Exemplo 104 LTDA CNPJ [CNPJ]
GFD - Guia do FGTS Digital
Competência da guia FGTS Digital
Fundo de Garantia do Tempo de Serviço
Autenticação bancária 00000.00000 11111.111111 22222.222222",FGTSDigital,GuiaPagamento,synthetic
"1dentificação do sujeito passivo [CNPJ]
Vencimento [DATE] va1or tota1 [MONEY]
155QN 1mposto 5obre 5erviços de Qua1quer Natureza
Guia de reco1himento municipa1
Prefeitura de Porto A1egre
Contribuinte: Empresa Exemp1o 104 LTDA CNPJ [CNPJ]
Período de apuração [DATE] a [DATE]",ISSPoa,GuiaPagamento,synthetic
"Guia de recolhimento municipal
ISSQN Imposto Sobre Serviços de Qualquer Natureza
Identificação do sujeito passivo [CNPJ]
Código de barras 85640000001234567890123456789012345678901234
Prefeitura de Porto Alegre
Vencimento [DATE] valor total [MONEY]
Autenticação bancária 00000.00000 11111.111111 22222.222222",ISSPoa,GuiaPagamento,synthetic
"Receita Federal do Brasil DAS
Período de apuração [DATE] a [DATE]
Programa Gerador do DAS
Identificação do sujeito passivo [CNPJ]
Documento de Arrecadação do Simples Nacional",SimplesNacional,GuiaPagamento,synthetic
"Autenticação bancária 00000.00000 11111.111111 22222.222222
Vencimento [DATE] valor total [MONEY]
Documento de Arrecadação de Receitas Federais
IRRF - Rendimento do trabalho assalariado DCTFWeb
Contribuição previdenciária CONTRPREV
Código de barras 85640000001234567890123456789012345678901234
Período de apuração [DATE] a [DATE]",DCTFWEB,GuiaPagamento,synthetic
"1dentificação do sujeito passivo [CNPJ]
Contribuinte: Empresa Exemp1o 104 LTDA CNPJ [CNPJ]
DARF código da receita 2089
Ministério da Fazenda 5ecretaria da Receita Federa1 do Brasi1
Vencimento [DATE] va1or tota1 [MONEY]
Período de apuração [DATE] a [DATE]
Documento de Arrecadação de Receitas Federais",DARF,GuiaPagamento,synthetic
"Declaro ter recebido a importância líquida
Adiantamento
Período de apuração [DATE] a [DATE]
Contribuinte: Empresa Exemplo 104 LTDA CNPJ [CNPJ]
Adiantamento Salarial",Contracheque,Recibo,synthetic
"DARF código da receita 2089
Documento de Arrecadação de Receitas Federais
Autenticação bancária 00000.00000 11111.111111 22222.222222
Ministério da Fazenda Secretaria da Receita Federal do Brasil
Período de apuração [DATE] a [DATE]",DARF,GuiaPagamento,synthetic
"Código de barras 85640000001234567890123456789012345678901234
Autenticação bancária 00000.00000 11111.111111 22222.222222
Contribuição previdenciária CONTRPREV
Documento de Arrecadação de Receitas Federais
IRRF - Rendimento do trabalho assalariado DCTFWeb
Contribuinte: Empresa Exemplo 104 LTDA CNPJ [CNPJ]",DCTFWEB,GuiaPagamento,synthetic
"Ministério da Previdência Social
Código de barras 85640000001234567890123456789012345678901234
Autenticação bancária 00000.00000 11111.111111 22222.222222
Vencimento [DATE] valor total [MONEY]
Contribuinte: Empresa Exemplo 104 LTDA CNPJ [CNPJ]
Código de pagamento 2100
INSS Guia da Previdência Social GPS",GuiaGPS,GuiaPagamento,synthetic
"Documento de Arrecadação do Simples Nacional
Autenticação bancária 00000.00000 11111.111111 22222.222222
Receita Federal do Brasil DAS
Programa Gerador do DAS
Contribuinte: Empresa Exemplo 104 LTDA CNPJ [CNPJ]
Identificação do sujeito passivo [CNPJ]",SimplesNacional,GuiaPagamento,synthetic
"Sindicato dos empregados contribuição confederativa
Boleto de contribuição assistencial
Autenticação bancária 00000.00000 11111.111111 22222.222222
Vencimento [DATE] valor total [MONEY]
Código de barras 85640000001234567890123456789012345678901234
Cedente sindicato código do beneficiário",BoletoSindicato,GuiaPagamento,synthetic
"Demonstrativo de Resultado
Código de barras 85640000001234567890123456789012345678901234
Identificação do sujeito passivo [CNPJ]
Demonstração de Resultado",DREMensal,Relatorio,synthetic
"Recibo de entrega de Escrituração Fiscal Digital
Autenticação bancária 00000.00000 11111.111111 22222.222222
Sistema Público de Escrituração Digital SPED
Vencimento [DATE] valor total [MONEY]
EFD ICMS IPI número do recibo",SPEDFiscal,Recibo,synthetic
"Identificação do sujeito passivo [CNPJ]
Declaro ter recebido a importância líquida
Adiantamento
Contribuinte: Empresa Exemplo 104 LTDA CNPJ [CNPJ]
Adiantamento Salarial
Período de apuração [DATE] a [DATE]
Vencimento [DATE] valor total [MONEY]",Contracheque,Recibo,synthetic
"Prefeitura de Porto Alegre
ISSQN Imposto Sobre Serviços de Qualquer Natureza
Autenticação bancária 00000.00000 11111.111111 22222.222222
Código de barras 85640000001234567890123456789012345678901234
Contribuinte: Empresa Exemplo 104 LTDA CNPJ [CNPJ]
Período de apuração [DATE] a [DATE]
Guia de recolhimento municipal",ISSPoa,GuiaPagamento,synthetic
"EFD ICMS IPI número do recibo
Período de apuração [DATE] a [DATE]
Código de barras 85640000001234567890123456789012345678901234
Sistema Público de Escrituração Digital SPED
Recibo de entrega de Escrituração Fiscal Digital
Contribuinte: Empresa Exemplo 104 LTDA CNPJ [CNPJ]
Identificação do sujeito passivo [CNPJ]",SPEDFiscal,Recibo,synthetic
"Período de apuração [DATE] a [DATE]
Guia de Arrecadação
Estado do Rio Grande Do Sul
Guia de Arrecadação - GA
Código de barras 85640000001234567890123456789012345678901234",GARS,GuiaPagamento,synthetic
"Autenticação bancária 00000.00000 11111.111111 22222.222222
ISSQN Imposto Sobre Serviços de Qualquer Natureza
Identificação do sujeito passivo [CNPJ]
Contribuinte: Empresa Exemplo 104 LTDA CNPJ [CNPJ]
Código de barras 85640000001234567890123456789012345678901234
Guia de recolhimento municipal
Prefeitura de Porto Alegre",ISSPoa,GuiaPagamento,synthetic
"Ministério da Previdência Social
Identificação do sujeito passivo [CNPJ]
INSS Guia da Previdência Social GPS
Código de barras 85640000001234567890123456789012345678901234
Período de apuração [DATE] a [DATE]
Código de pagamento 2100",GuiaGPS,GuiaPagamento,synthetic
"Fundo de Garantia do Tempo de Serviço
Identificação do sujeito passivo [CNPJ]
GFD - Guia do FGTS Digital
Contribuinte: Empresa Exemplo 104 LTDA CNPJ [CNPJ]
Competência da guia FGTS Digital",FGTSDigital,GuiaPagamento,synthetic
"Contribuinte: Empresa Exemplo 104 LTDA CNPJ [CNPJ]
ISSQN Imposto Sobre Serviços de Qualquer Natureza
Vencimento [DATE] valor total [MONEY]
Guia de recolhimento municipal
Autenticação bancária 00000.00000 11111.111111 22222.222222
Prefeitura de Porto Alegre
Período de apuração [DATE] a [DATE]",ISSPoa,GuiaPagamento,synthetic
"DARF código da receita 2089
Autenticação bancária 00000.00000 11111.111111 22222.222222
1dentificação do sujeito passivo [CNPJ]
Documento de Arrecadação de Receitas Federais
Ministério da Fazenda 5ecretaria da Receita Federa1 do Brasi1
Período de apuração [DATE] a [DATE]",DARF,GuiaPagamento,synthetic
"Presentes os sócios na sede da sociedade
Ata de reunião pauta 1 aprovação das contas
Autenticação bancária 00000.00000 11111.111111 22222.222222
Período de apuração [DATE] a [DATE]
Vencimento [DATE] valor total [MONEY]",Desconhecido,Desconhecido,synthetic
"Autenticação bancária 00000.00000 11111.111111 22222.222222
Contribuição previdenciária CONTRPREV
Código de barras 85640000001234567890123456789012345678901234
Período de apuração [DATE] a [DATE]
Identificação do sujeito passivo [CNPJ]
Documento de Arrecadação de Receitas Federais
IRRF - Rendimento do trabalho assalariado DCTFWeb",DCTFWEB,GuiaPagamento,synthetic
"Contribuinte: Empresa Exemp1o 104 LTDA CNPJ [CNPJ]
1dentificação do sujeito passivo [CNPJ]
Demonstrativo de Resu1tado
Demonstração de Resu1tado",DREMensal,Relatorio,synthetic
"Período de apuração [DATE] a [DATE]
Contribuinte: Empresa Exemplo 104 LTDA CNPJ [CNPJ]
Identificação do sujeito passivo [CNPJ]
Demonstrativo de Resultado
Vencimento [DATE] valor total [MONEY]
Demonstração de Resultado",DREMensal,Relatorio,synthetic
"Contribuição previdenciária CONTRPREV
Vencimento [DATE] valor total [MONEY]
IRRF - Rendimento do trabalho assalariado DCTFWeb
Código de barras 85640000001234567890123456789012345678901234
Documento de Arrecadação de Receitas Federais
Autenticação bancária 00000.00000 11111.111111 22222.222222",DCTFWEB,GuiaPagamento,synthetic
"Identificação do sujeito passivo [CNPJ]
Sistema Público de Escrituração Digital SPED
Vencimento [DATE] valor total [MONEY]
Recibo de entrega de Escrituração Fiscal Digital
EFD ICMS IPI número do recibo
Autenticação bancária 00000.00000 11111.111111 22222.222222",SPEDFiscal,Recibo,synthetic
"Período de apuração [DATE] a [DATE]
5istema Púb1ico de Escrituração Digita1 5PED
Vencimento [DATE] va1or tota1 [MONEY]
EFD 1CM5 1P1 número do recibo
1dentificação do sujeito passivo [CNPJ]
Recibo de entrega de Escrituração Fisca1 Digita1
Código de barras 85640000001234567890123456789012345678901234",SPEDFiscal,Recibo,synthetic
"Contribuinte: Empresa Exemplo 104 LTDA CNPJ [CNPJ]
Declaro ter recebido a importância líquida
Adiantamento
Adiantamento Salarial
Período de apuração [DATE] a [DATE]
Vencimento [DATE] valor total [MONEY]
Autenticação bancária 00000.00000 11111.111111 22222.222222",Contracheque,Recibo,synthetic
"Guia de recolhimento municipal
ISSQN Imposto Sobre Serviços de Qualquer Natureza
Código de barras 85640000001234567890123456789012345678901234
Prefeitura de Porto Alegre
Vencimento [DATE] valor total [MONEY]",ISSPoa,GuiaPagamento,synthetic
"Competência da guia FGTS Digital
Identificação do sujeito passivo [CNPJ]
Vencimento [DATE] valor total [MONEY]
GFD - Guia do FGTS Digital
Autenticação bancária 00000.00000 11111.111111 22222.222222
Período de apuração [DATE] a [DATE]
Fundo de Garantia do Tempo de Serviço",FGTSDigital,GuiaPagamento,synthetic
"Recibo de entrega de Escrituração Fiscal Digital
Código de barras 85640000001234567890123456789012345678901234
Contribuinte: Empresa Exemplo 104 LTDA CNPJ [CNPJ]
Sistema Público de Escrituração Digital SPED
Identificação do sujeito passivo [CNPJ]
EFD ICMS IPI número do recibo
Vencimento [DATE] valor total [MONEY]",SPEDFiscal,Recibo,synthetic
"INSS Guia da Previdência Social GPS
Autenticação bancária 00000.00000 11111.111111 22222.222222
Código de pagamento 2100
Período de apuração [DATE] a [DATE]
Vencimento [DATE] valor total [MONEY]
Ministério da Previdência Social",GuiaGPS,GuiaPagamento,synthetic
"Código de barras 85640000001234567890123456789012345678901234
Identificação do sujeito passivo [CNPJ]
Boleto de contribuição assistencial
Cedente sindicato código do beneficiário
Vencimento [DATE] valor total [MONEY]
Sindicato dos empregados contribuição confederativa
Autenticação bancária 00000.00000 11111.111111 22222.222222",BoletoSindicato,GuiaPagamento,synthetic
"Demonstração de Resultado
Demonstrativo de Resultado
Autenticação bancária 00000.00000 11111.111111 22222.222222
Vencimento [DATE] valor total [MONEY]",DREMensal,Relatorio,synthetic
"Adiantamento Salarial
Período de apuração [DATE] a [DATE]
Declaro ter recebido a importância líquida
Identificação do sujeito passivo [CNPJ]
Adiantamento",Contracheque,Recibo,synthetic
"IRRF - Rendimento do trabalho assalariado DCTFWeb
Autenticação bancária 00000.00000 11111.111111 22222.222222
Contribuição previdenciária CONTRPREV
Documento de Arrecadação de Receitas Federais
Vencimento [DATE] valor total [MONEY]
Identificação do sujeito passivo [CNPJ]",DCTFWEB,GuiaPagamento,synthetic
"Código de barras 85640000001234567890123456789012345678901234
EFD ICMS IPI número do recibo
Contribuinte: Empresa Exemplo 104 LTDA CNPJ [CNPJ]
Recibo de entrega de Escrituração Fiscal Digital
Sistema Público de Escrituração Digital SPED",SPEDFiscal,Recibo,synthetic
"Identificação do sujeito passivo [CNPJ]
Adiantamento Salarial
Adiantamento
Declaro ter recebido a importância líquida
Código de barras 85640000001234567890123456789012345678901234",Contracheque,Recibo,synthetic
"Identificação do sujeito passivo [CNPJ]
Vencimento [DATE] valor total [MONEY]
Autenticação bancária 00000.00000 11111.111111 22222.222222
Programa Gerador do DAS
Documento de Arrecadação do Simples Nacional
Receita Federal do Brasil DAS",SimplesNacional,GuiaPagamento,synthetic
"Autenticação bancária 00000.00000 11111.111111 22222.222222
Período de apuração [DATE] a [DATE]
Demonstração de Resultado
Demonstrativo de Resultado",DREMensal,Relatorio,synthetic
"Vencimento [DATE] valor total [MONEY]
Documento de Arrecadação do Simples Nacional
Período de apuração [DATE] a [DATE]
Código de barras 85640000001234567890123456789012345678901234
Receita Federal do Brasil DAS
Programa Gerador do DAS",SimplesNacional,GuiaPagamento,synthetic
"Autenticação bancária 00000.00000 11111.111111 22222.222222
Vencimento [DATE] valor total [MONEY]
EFD ICMS IPI número do recibo
Identificação do sujeito passivo [CNPJ]
Recibo de entrega de Escrituração Fiscal Digital
Período de apuração [DATE] a [DATE]
Sistema Público de Escrituração Digital SPED",SPEDFiscal,Recibo,synthetic
"Vencimento [DATE] valor total [MONEY]
Autenticação bancária 00000.00000 11111.111111 22222.222222
Período de apuração [DATE] a [DATE]
Documento de Arrecadação de Receitas Federais
Ministério da Fazenda Secretaria da Receita Federal do Brasil
DARF código da receita 2089
Código de barras 85640000001234567890123456789012345678901234",DARF,GuiaPagamento,synthetic
"As partes acima identificadas têm entre si justo e contratado
Período de apuração [DATE] a [DATE]
Autenticação bancária 00000.00000 11111.111111 22222.222222
1dentificação do sujeito passivo [CNPJ]
Contrato de prestação de serviços c1áusu1a primeira
Código de barras 85640000001234567890123456789012345678901234",Desconhecido,Desconhecido,synthetic
"Período de apuração [DATE] a [DATE]
Contribuição previdenciária C0NTRPREV
Vencimento [DATE] va1or tota1 [MONEY]
1RRF - Rendimento do traba1ho assa1ariado DCTFWeb
Documento de Arrecadação de Receitas Federais
1dentificação do sujeito passivo [CNPJ]",DCTFWEB,GuiaPagamento,synthetic
"Identificação do sujeito passivo [CNPJ]
Demonstrativo de Resultado
Código de barras 85640000001234567890123456789012345678901234
Autenticação bancária 00000.00000 11111.111111 22222.222222
Contribuinte: Empresa Exemplo 104 LTDA CNPJ [CNPJ]
Demonstração de Resultado",DREMensal,Relatorio,synthetic
"Autenticação bancária 00000.00000 11111.111111 22222.222222
Código de barras 85640000001234567890123456789012345678901234
Demonstração de Resultado
Contribuinte: Empresa Exemplo 104 LTDA CNPJ [CNPJ]
Demonstrativo de Resultado",DREMensal,Relatorio,synthetic
"Contribuição previdenciária CONTRPREV
Documento de Arrecadação de Receitas Federais
IRRF - Rendimento do trabalho assalariado DCTFWeb
Código de barras 85640000001234567890123456789012345678901234
Contribuinte: Empresa Exemplo 104 LTDA CNPJ [CNPJ]",DCTFWEB,GuiaPagamento,synthetic
"Recibo de entrega de Escrituração Fiscal Digital
EFD ICMS IPI número do recibo
Sistema Público de Escrituração Digital SPED
Período de apuração [DATE] a [DATE]
Vencimento [DATE] valor total [MONEY]",SPEDFiscal,Recibo,synthetic
"IRRF - Rendimento do trabalho assalariado DCTFWeb
Documento de Arrecadação de Receitas Federais
Contribuição previdenciária CONTRPREV
Contribuinte: Empresa Exemplo 104 LTDA CNPJ [CNPJ]
Código de barras 85640000001234567890123456789012345678901234
Vencimento [DATE] valor total [MONEY]",DCTFWEB,GuiaPagamento,synthetic
"Identificação do sujeito passivo [CNPJ]
Contribuinte: Empresa Exemplo 104 LTDA CNPJ [CNPJ]
Guia de Arrecadação - GA
Autenticação bancária 00000.00000 11111.111111 22222.222222
Período de apuração [DATE] a [DATE]
Guia de Arrecadação
Estado do Rio Grande Do Sul",GARS,GuiaPagamento,synthetic
"Estado do Rio Grande Do Sul
Contribuinte: Empresa Exemplo 104 LTDA CNPJ [CNPJ]
Guia de Arrecadação
Identificação do sujeito passivo [CNPJ]
Guia de Arrecadação - GA
Autenticação bancária 00000.00000 11111.111111 22222.222222",GARS,GuiaPagamento,synthetic
"Guia de Arrecadação
1dentificação do sujeito passivo [CNPJ]
Guia de Arrecadação - GA
Contribuinte: Empresa Exemp1o 104 LTDA CNPJ [CNPJ]
Estado do Rio Grande Do 5u1",GARS,GuiaPagamento,synthetic
"Identificação do sujeito passivo [CNPJ]
Período de apuração [DATE] a [DATE]
Sistema Público de Escrituração Digital SPED
Código de barras 85640000001234567890123456789012345678901234
EFD ICMS IPI número do recibo
Recibo de entrega de Escrituração Fiscal Digital",SPEDFiscal,Recibo,synthetic
"Guia de recolhimento municipal
Prefeitura de Porto Alegre
Código de barras 85640000001234567890123456789012345678901234
Identificação do sujeito passivo [CNPJ]
ISSQN Imposto Sobre Serviços de Qualquer Natureza",ISSPoa,GuiaPagamento,synthetic
"Estado do Rio Grande Do Sul
Identificação do sujeito passivo [CNPJ]
Guia de Arrecadação - GA
Guia de Arrecadação
Contribuinte: Empresa Exemplo 104 LTDA CNPJ [CNPJ]",GARS,GuiaPagamento,synthetic
"Período de apuração [DATE] a [DATE]
Sistema Público de Escrituração Digital SPED
Vencimento [DATE] valor total [MONEY]
Código de barras 85640000001234567890123456789012345678901234
EFD ICMS IPI número do recibo
Recibo de entrega de Escrituração Fiscal Digital",SPEDFiscal,Recibo,synthetic
"Contribuinte: Empresa Exemplo 104 LTDA CNPJ [CNPJ]
Prefeitura de Porto Alegre
Código de barras 85640000001234567890123456789012345678901234
Identificação do sujeito passivo [CNPJ]
Guia de recolhimento municipal
Vencimento [DATE] valor total [MONEY]
ISSQN Imposto Sobre Serviços de Qualquer Natureza",ISSPoa,GuiaPagamento,synthetic
"EFD ICMS IPI número do recibo
Recibo de entrega de Escrituração Fiscal Digital
Identificação do sujeito passivo [CNPJ]
Vencimento [DATE] valor total [MONEY]
Código de barras 85640000001234567890123456789012345678901234
Contribuinte: Empresa Exemplo 104 LTDA CNPJ [CNPJ]
Sistema Público de Escrituração Digital SPED",SPEDFiscal,Recibo,synthetic
"Período de apuração [DATE] a [DATE]
Quantidade 10 unidades descrição material de escritório
Autenticação bancária 00000.00000 11111.111111 22222.222222
Pedido de compra ordem 4521",Desconhecido,Desconhecido,synthetic
"Sindicato dos empregados contribuição confederativa
Contribuinte: Empresa Exemplo 104 LTDA CNPJ [CNPJ]
Boleto de contribuição assistencial
Cedente sindicato código do beneficiário
Autenticação bancária 00000.00000 11111.111111 22222.222222",BoletoSindicato,GuiaPagamento,synthetic
"Autenticação bancária 00000.00000 11111.111111 22222.222222
Código de barras 85640000001234567890123456789012345678901234
Identificação do sujeito passivo [CNPJ]
Demonstração de Resultado
Demonstrativo de Resultado
Período de apuração [DATE] a [DATE]",DREMensal,Relatorio,synthetic
"Vencimento [DATE] valor total [MONEY]
Boleto de contribuição assistencial
Sindicato dos empregados contribuição confederativa
Cedente sindicato código do beneficiário
Período de apuração [DATE] a [DATE]",BoletoSindicato,GuiaPagamento,synthetic
"1dentificação do sujeito passivo [CNPJ]
Receita Federa1 do Brasi1 DA5
Programa Gerador do DA5
Código de barras 85640000001234567890123456789012345678901234
Vencimento [DATE] va1or tota1 [MONEY]
Documento de Arrecadação do 5imp1es Naciona1",SimplesNacional,GuiaPagamento,synthetic
"Cedente sindicato código do beneficiário
Boleto de contribuição assistencial
Identificação do sujeito passivo [CNPJ]
Vencimento [DATE] valor total [MONEY]
Sindicato dos empregados contribuição confederativa",BoletoSindicato,GuiaPagamento,synthetic
"Ata de reunião pauta 1 aprovação das contas
Código de barras 85640000001234567890123456789012345678901234
Presentes os sócios na sede da sociedade
Autenticação bancária 00000.00000 11111.111111 22222.222222",Desconhecido,Desconhecido,synthetic
"Ministério da Previdência Social
INSS Guia da Previdência Social GPS
Código de barras 85640000001234567890123456789012345678901234
Identificação do sujeito passivo [CNPJ]
Código de pagamento 2100",GuiaGPS,GuiaPagamento,synthetic
"Contribuinte: Empresa Exemplo 104 LTDA CNPJ [CNPJ]
Adiantamento Salarial
Declaro ter recebido a importância líquida
Adiantamento
Autenticação bancária 00000.00000 11111.111111 22222.222222",Contracheque,Recibo,synthetic
"Contribuinte: Empresa Exemplo 104 LTDA CNPJ [CNPJ]
Autenticação bancária 00000.00000 11111.111111 22222.222222
Receita Federal do Brasil DAS
Identificação do sujeito passivo [CNPJ]
Documento de Arrecadação do Simples Nacional
Código de barras 85640000001234567890123456789012345678901234
Programa Gerador do DAS",SimplesNacional,GuiaPagamento,synthetic
"Contribuinte: Empresa Exemplo 104 LTDA CNPJ [CNPJ]
Sindicato dos empregados contribuição confederativa
Período de apuração [DATE] a [DATE]
Boleto de contribuição assistencial
Cedente sindicato código do beneficiário
Vencimento [DATE] valor total [MONEY]",BoletoSindicato,GuiaPagamento,synthetic
"Autenticação bancária 00000.00000 11111.111111 22222.222222
Identificação do sujeito passivo [CNPJ]
Guia de Arrecadação
Estado do Rio Grande Do Sul
Vencimento [DATE] valor total [MONEY]
Período de apuração [DATE] a [DATE]
Guia de Arrecadação - GA",GARS,GuiaPagamento,synthetic
"Identificação do sujeito passivo [CNPJ]
Sistema Público de Escrituração Digital SPED
Contribuinte: Empresa Exemplo 104 LTDA CNPJ [CNPJ]
Recibo de entrega de Escrituração Fiscal Digital
EFD ICMS IPI número do recibo",SPEDFiscal,Recibo,synthetic
"Demonstrativo de Resultado
Contribuinte: Empresa Exemplo 104 LTDA CNPJ [CNPJ]
Demonstração de Resultado
Autenticação bancária 00000.00000 11111.111111 22222.222222
Identificação do sujeito passivo [CNPJ]
Código de barras 85640000001234567890123456789012345678901234",DREMensal,Relatorio,synthetic
"Presentes os sócios na sede da sociedade
Ata de reunião pauta 1 aprovação das contas
Identificação do sujeito passivo [CNPJ]
Código de barras 85640000001234567890123456789012345678901234",Desconhecido,Desconhecido,synthetic
"Contribuinte: Empresa Exemplo 104 LTDA CNPJ [CNPJ]
Período de apuração [DATE] a [DATE]
INSS Guia da Previdência Social GPS
Ministério da Previdência Social
Autenticação bancária 00000.00000 11111.111111 22222.222222
Código de pagamento 2100",GuiaGPS,GuiaPagamento,synthetic
"Autenticação bancária 00000.00000 11111.111111 22222.222222
Cedente sindicato código do beneficiário
Identificação do sujeito passivo [CNPJ]
Boleto de contribuição assistencial
Sindicato dos empregados contribuição confederativa",BoletoSindicato,GuiaPagamento,synthetic
"Autenticação bancária 00000.00000 11111.111111 22222.222222
Documento de Arrecadação de Receitas Federais
Contribuição previdenciária CONTRPREV
Contribuinte: Empresa Exemplo 104 LTDA CNPJ [CNPJ]
IRRF - Rendimento do trabalho assalariado DCTFWeb",DCTFWEB,GuiaPagamento,synthetic
"Fundo de Garantia do Tempo de Serviço
Vencimento [DATE] valor total [MONEY]
Competência da guia FGTS Digital
Identificação do sujeito passivo [CNPJ]
Período de apuração [DATE] a [DATE]
GFD - Guia do FGTS Digital",FGTSDigital,GuiaPagamento,synthetic
"INSS Guia da Previdência Social GPS
Vencimento [DATE] valor total [MONEY]
Ministério da Previdência Social
Código de pagamento 2100
Contribuinte: Empresa Exemplo 104 LTDA CNPJ [CNPJ]",GuiaGPS,GuiaPagamento,synthetic
"Adiantamento Salarial
Identificação do sujeito passivo [CNPJ]
Adiantamento
Declaro ter recebido a importância líquida
Período de apuração [DATE] a [DATE]",Contracheque,Recibo,synthetic
"Código de barras 85640000001234567890123456789012345678901234
Contribuição previdenciária CONTRPREV
Documento de Arrecadação de Receitas Federais
IRRF - Rendimento do trabalho assalariado DCTFWeb
Identificação do sujeito passivo [CNPJ]",DCTFWEB,GuiaPagamento,synthetic
"Autenticação bancária 00000.00000 11111.111111 22222.222222
Período de apuração [DATE] a [DATE]
Estado do Rio Grande Do Sul
Guia de Arrecadação - GA
Guia de Arrecadação",GARS,GuiaPagamento,synthetic
"Período de apuração [DATE] a [DATE]
Código de barras 85640000001234567890123456789012345678901234
Demonstrativo de Resu1tado
Demonstração de Resu1tado",DREMensal,Relatorio,synthetic
"Documento de Arrecadação de Receitas Federais
DARF código da receita 2089
Ministério da Fazenda Secretaria da Receita Federal do Brasil
Código de barras 85640000001234567890123456789012345678901234
Identificação do sujeito passivo [CNPJ]
Autenticação bancária 00000.00000 11111.111111 22222.222222
Contribuinte: Empresa Exemplo 104 LTDA CNPJ [CNPJ]",DARF,GuiaPagamento,synthetic
"Guia de Arrecadação - GA
Período de apuração [DATE] a [DATE]
Guia de Arrecadação
Estado do Rio Grande Do Sul
Contribuinte: Empresa Exemplo 104 LTDA CNPJ [CNPJ]",GARS,GuiaPagamento,synthetic
"Identificação do sujeito passivo [CNPJ]
Contribuinte: Empresa Exemplo 104 LTDA CNPJ [CNPJ]
Autenticação bancária 00000.00000 11111.111111 22222.222222
Presentes os sócios na sede da sociedade
Ata de reunião pauta 1 aprovação das contas",Desconhecido,Desconhecido,synthetic
"Contribuinte: Empresa Exemplo 104 LTDA CNPJ [CNPJ]
Sistema Público de Escrituração Digital SPED
Identificação do sujeito passivo [CNPJ]
EFD ICMS IPI número do recibo
Recibo de entrega de Escrituração Fiscal Digital
Período de apuração [DATE] a [DATE]
Código de barras 85640000001234567890123456789012345678901234",SPEDFiscal,Recibo,synthetic
"Guia de Arrecadação - GA
1dentificação do sujeito passivo [CNPJ]
Contribuinte: Empresa Exemp1o 104 LTDA CNPJ [CNPJ]
Estado do Rio Grande Do 5u1
Autenticação bancária 00000.00000 11111.111111 22222.222222
Código de barras 85640000001234567890123456789012345678901234
Guia de Arrecadação",GARS,GuiaPagamento,synthetic
"Recibo de entrega de Escrituração Fiscal Digital
Sistema Público de Escrituração Digital SPED
EFD ICMS IPI número do recibo
Código de barras 85640000001234567890123456789012345678901234
Autenticação bancária 00000.00000 11111.111111 22222.222222
Período de apuração [DATE] a [DATE]",SPEDFiscal,Recibo,synthetic
"GFD - Guia do FGTS Digital
Código de barras 85640000001234567890123456789012345678901234
Período de apuração [DATE] a [DATE]
Autenticação bancária 00000.00000 11111.111111 22222.222222
Contribuinte: Empresa Exemplo 104 LTDA CNPJ [CNPJ]
Competência da guia FGTS Digital
Fundo de Garantia do Tempo de Serviço",FGTSDigital,GuiaPagamento,synthetic
"Contribuinte: Empresa Exemplo 104 LTDA CNPJ [CNPJ]
Demonstração de Resultado
Autenticação bancária 00000.00000 11111.111111 22222.222222
Demonstrativo de Resultado
Identificação do sujeito passivo [CNPJ]",DREMensal,Relatorio,synthetic
"Identificação do sujeito passivo [CNPJ]
Código de barras 85640000001234567890123456789012345678901234
Contribuinte: Empresa Exemplo 104 LTDA CNPJ [CNPJ]
Código de pagamento 2100
Autenticação bancária 00000.00000 11111.111111 22222.222222
INSS Guia da Previdência Social GPS
Ministério da Previdência Social",GuiaGPS,GuiaPagamento,synthetic
"Período de apuração [DATE] a [DATE]
Vencimento [DATE] valor total [MONEY]
Autenticação bancária 00000.00000 11111.111111 22222.222222
Pedido de compra ordem 4521
Quantidade 10 unidades descrição material de escritório
Código de barras 85640000001234567890123456789012345678901234",Desconhecido,Desconhecido,synthetic
"Vencimento [DATE] valor total [MONEY]
Guia de recolhimento municipal
Código de barras 85640000001234567890123456789012345678901234
Contribuinte: Empresa Exemplo 104 LTDA CNPJ [CNPJ]
ISSQN Imposto Sobre Serviços de Qualquer Natureza
Prefeitura de Porto Alegre",ISSPoa,GuiaPagamento,synthetic
"Período de apuração [DATE] a [DATE]
ISSQN Imposto Sobre Serviços de Qualquer Natureza
Prefeitura de Porto Alegre
Identificação do sujeito passivo [CNPJ]
Vencimento [DATE] valor total [MONEY]
Guia de recolhimento municipal",ISSPoa,GuiaPagamento,synthetic
"Demonstrativo de Resultado
Período de apuração [DATE] a [DATE]
Autenticação bancária 00000.00000 11111.111111 22222.222222
Demonstração de Resultado
Vencimento [DATE] valor total [MONEY]
Identificação do sujeito passivo [CNPJ]",DREMensal,Relatorio,synthetic
"Demonstração de Resultado
Identificação do sujeito passivo [CNPJ]
Contribuinte: Empresa Exemplo 104 LTDA CNPJ [CNPJ]
Demonstrativo de Resultado",DREMensal,Relatorio,synthetic
"Cedente sindicato código do beneficiário
Identificação do sujeito passivo [CNPJ]
Sindicato dos empregados contribuição confederativa
Período de apuração [DATE] a [DATE]
Boleto de contribuição assistencial
Código de barras 85640000001234567890123456789012345678901234
Autenticação bancária 00000.00000 11111.111111 22222.222222",BoletoSindicato,GuiaPagamento,synthetic
"Código de barras 85640000001234567890123456789012345678901234
Identificação do sujeito passivo [CNPJ]
Demonstração de Resultado
Demonstrativo de Resultado",DREMensal,Relatorio,synthetic
"Identificação do sujeito passivo [CNPJ]
As partes acima identificadas têm entre si justo e contratado
Contribuinte: Empresa Exemplo 104 LTDA CNPJ [CNPJ]
Código de barras 85640000001234567890123456789012345678901234
Autenticação bancária 00000.00000 11111.111111 22222.222222
Contrato de prestação de serviços cláusula primeira",Desconhecido,Desconhecido,synthetic
"Período de apuração [DATE] a [DATE]
Contribuinte: Empresa Exemplo 104 LTDA CNPJ [CNPJ]
Código de barras 85640000001234567890123456789012345678901234
Programa Gerador do DAS
Receita Federal do Brasil DAS
Documento de Arrecadação do Simples Nacional",SimplesNacional,GuiaPagamento,synthetic
"Período de apuração [DATE] a [DATE]
Contribuinte: Empresa Exemplo 104 LTDA CNPJ [CNPJ]
Ata de reunião pauta 1 aprovação das contas
Presentes os sócios na sede da sociedade",Desconhecido,Desconhecido,synthetic
"Cedente sindicato código do beneficiário
Sindicato dos empregados contribuição confederativa
Contribuinte: Empresa Exemplo 104 LTDA CNPJ [CNPJ]
Boleto de contribuição assistencial
Autenticação bancária 00000.00000 11111.111111 22222.222222",BoletoSindicato,GuiaPagamento,synthetic
"Identificação do sujeito passivo [CNPJ]
Autenticação bancária 00000.00000 11111.111111 22222.222222
Recibo de entrega de Escrituração Fiscal Digital
Período de apuração [DATE] a [DATE]
EFD ICMS IPI número do recibo
Código de barras 85640000001234567890123456789012345678901234
Sistema Público de Escrituração Digital SPED",SPEDFiscal,Recibo,synthetic
"Código de barras 85640000001234567890123456789012345678901234
Ministério da Previdência 5ocia1
1dentificação do sujeito passivo [CNPJ]
1N55 Guia da Previdência 5ocia1 GP5
Período de apuração [DATE] a [DATE]
Autenticação bancária 00000.00000 11111.111111 22222.222222
Código de pagamento 2100",GuiaGPS,GuiaPagamento,synthetic
"Autenticação bancária 00000.00000 11111.111111 22222.222222
Período de apuração [DATE] a [DATE]
Contribuinte: Empresa Exemp1o 104 LTDA CNPJ [CNPJ]
1dentificação do sujeito passivo [CNPJ]
EFD 1CM5 1P1 número do recibo
5istema Púb1ico de Escrituração Digita1 5PED
Recibo de entrega de Escrituração Fisca1 Digita1",SPEDFiscal,Recibo,synthetic
"Período de apuração [DATE] a [DATE]
Contribuinte: Empresa Exemplo 104 LTDA CNPJ [CNPJ]
Vencimento [DATE] valor total [MONEY]
Autenticação bancária 00000.00000 11111.111111 22222.222222
Demonstrativo de Resultado
Demonstração de Resultado",DREMensal,Relatorio,synthetic
"Código de pagamento 2100
Contribuinte: Empresa Exemplo 104 LTDA CNPJ [CNPJ]
Autenticação bancária 00000.00000 11111.111111 22222.222222
Período de apuração [DATE] a [DATE]
INSS Guia da Previdência Social GPS
Ministério da Previdência Social",GuiaGPS,GuiaPagamento,synthetic
"Programa Gerador do DAS
Documento de Arrecadação do Simples Nacional
Contribuinte: Empresa Exemplo 104 LTDA CNPJ [CNPJ]
Período de apuração [DATE] a [DATE]
Receita Federal do Brasil DAS",SimplesNacional,GuiaPagamento,synthetic
"Autenticação bancária 00000.00000 11111.111111 22222.222222
Vencimento [DATE] valor total [MONEY]
Código de barras 85640000001234567890123456789012345678901234
Competência da guia FGTS Digital
GFD - Guia do FGTS Digital
Fundo de Garantia do Tempo de Serviço",FGTSDigital,GuiaPagamento,synthetic
"Identificação do sujeito passivo [CNPJ]
Vencimento [DATE] valor total [MONEY]
Autenticação bancária 00000.00000 11111.111111 22222.222222
DARF código da receita 2089
Contribuinte: Empresa Exemplo 104 LTDA CNPJ [CNPJ]
Documento de Arrecadação de Receitas Federais
Ministério da Fazenda Secretaria da Receita Federal do Brasil",DARF,GuiaPagamento,synthetic
"Guia de Arrecadação
Código de barras 85640000001234567890123456789012345678901234
Contribuinte: Empresa Exemplo 104 LTDA CNPJ [CNPJ]
Período de apuração [DATE] a [DATE]
Estado do Rio Grande Do Sul
Vencimento [DATE] valor total [MONEY]
Guia de Arrecadação - GA",GARS,GuiaPagamento,synthetic
"Autenticação bancária 00000.00000 11111.111111 22222.222222
ISSQN Imposto Sobre Serviços de Qualquer Natureza
Guia de recolhimento municipal
Prefeitura de Porto Alegre
Código de barras 85640000001234567890123456789012345678901234",ISSPoa,GuiaPagamento,synthetic
"Recibo de entrega de Escrituração Fiscal Digital
EFD ICMS IPI número do recibo
Sistema Público de Escrituração Digital SPED
Código de barras 85640000001234567890123456789012345678901234
Identificação do sujeito passivo [CNPJ]
Período de apuração [DATE] a [DATE]",SPEDFiscal,Recibo,synthetic
"Autenticação bancária 00000.00000 11111.111111 22222.222222
Contribuinte: Empresa Exemp1o 104 LTDA CNPJ [CNPJ]
Contribuição previdenciária C0NTRPREV
1RRF - Rendimento do traba1ho assa1ariado DCTFWeb
Documento de Arrecadação de Receitas Federais
Período de apuração [DATE] a [DATE]",DCTFWEB,GuiaPagamento,synthetic
"Vencimento [DATE] valor total [MONEY]
Guia de Arrecadação
Guia de Arrecadação - GA
Estado do Rio Grande Do Sul
Autenticação bancária 00000.00000 11111.111111 22222.222222",GARS,GuiaPagamento,synthetic
"Período de apuração [DATE] a [DATE]
Documento de Arrecadação de Receitas Federais
Código de barras 85640000001234567890123456789012345678901234
DARF código da receita 2089
Ministério da Fazenda Secretaria da Receita Federal do Brasil",DARF,GuiaPagamento,synthetic
"Contribuinte: Empresa Exemp1o 104 LTDA CNPJ [CNPJ]
Vencimento [DATE] va1or tota1 [MONEY]
Bo1eto de contribuição assistencia1
5indicato dos empregados contribuição confederativa
Cedente sindicato código do beneficiário",BoletoSindicato,GuiaPagamento,synthetic
"Contribuinte: Empresa Exemplo 104 LTDA CNPJ [CNPJ]
Documento de Arrecadação de Receitas Federais
Identificação do sujeito passivo [CNPJ]
Autenticação bancária 00000.00000 11111.111111 22222.222222
IRRF - Rendimento do trabalho assalariado DCTFWeb
Contribuição previdenciária CONTRPREV",DCTFWEB,GuiaPagamento,synthetic
"Programa Gerador do DA5
Documento de Arrecadação do 5imp1es Naciona1
Receita Federa1 do Brasi1 DA5
Período de apuração [DATE] a [DATE]
Código de barras 85640000001234567890123456789012345678901234
Autenticação bancária 00000.00000 11111.111111 22222.222222",SimplesNacional,GuiaPagamento,synthetic
"Guia de recolhimento municipal
Prefeitura de Porto Alegre
Período de apuração [DATE] a [DATE]
Autenticação bancária 00000.00000 11111.111111 22222.222222
Vencimento [DATE] valor total [MONEY]
Identificação do sujeito passivo [CNPJ]
ISSQN Imposto Sobre Serviços de Qualquer Natureza",ISSPoa,GuiaPagamento,synthetic
"Identificação do sujeito passivo [CNPJ]
Código de barras 85640000001234567890123456789012345678901234
Vencimento [DATE] valor total [MONEY]
Contribuinte: Empresa Exemplo 104 LTDA CNPJ [CNPJ]
DARF código da receita 2089
Documento de Arrecadação de Receitas Federais
Ministério da Fazenda Secretaria da Receita Federal do Brasil",DARF,GuiaPagamento,synthetic
"Vencimento [DATE] valor total [MONEY]
Código de barras 85640000001234567890123456789012345678901234
EFD ICMS IPI número do recibo
Recibo de entrega de Escrituração Fiscal Digital
Contribuinte: Empresa Exemplo 104 LTDA CNPJ [CNPJ]
Sistema Público de Escrituração Digital SPED
Autenticação bancária 00000.00000 11111.111111 22222.222222",SPEDFiscal,Recibo,synthetic
"Adiantamento Salarial
Contribuinte: Empresa Exemplo 104 LTDA CNPJ [CNPJ]
Declaro ter recebido a importância líquida
Autenticação bancária 00000.00000 11111.111111 22222.222222
Adiantamento
Identificação do sujeito passivo [CNPJ]
Código de barras 85640000001234567890123456789012345678901234",Contracheque,Recibo,synthetic
"Vencimento [DATE] valor total [MONEY]
Boleto de contribuição assistencial
Identificação do sujeito passivo [CNPJ]
Código de barras 85640000001234567890123456789012345678901234
Sindicato dos empregados contribuição confederativa
Cedente sindicato código do beneficiário",BoletoSindicato,GuiaPagamento,synthetic
"Demonstrativo de Resultado
Autenticação bancária 00000.00000 11111.111111 22222.222222
Demonstração de Resultado
Vencimento [DATE] valor total [MONEY]",DREMensal,Relatorio,synthetic
"Contribuição previdenciária C0NTRPREV
1RRF - Rendimento do traba1ho assa1ariado DCTFWeb
Vencimento [DATE] va1or tota1 [MONEY]
Documento de Arrecadação de Receitas Federais
1dentificação do sujeito passivo [CNPJ]",DCTFWEB,GuiaPagamento,synthetic
"Vencimento [DATE] valor total [MONEY]
Ata de reunião pauta 1 aprovação das contas
Presentes os sócios na sede da sociedade
Contribuinte: Empresa Exemplo 104 LTDA CNPJ [CNPJ]
Identificação do sujeito passivo [CNPJ]",Desconhecido,Desconhecido,synthetic
"Autenticação bancária 00000.00000 11111.111111 22222.222222
Período de apuração [DATE] a [DATE]
Contribuinte: Empresa Exemplo 104 LTDA CNPJ [CNPJ]
Ministério da Previdência Social
INSS Guia da Previdência Social GPS
Identificação do sujeito passivo [CNPJ]
Código de pagamento 2100",GuiaGPS,GuiaPagamento,synthetic
"Contribuinte: Empresa Exemplo 104 LTDA CNPJ [CNPJ]
Identificação do sujeito passivo [CNPJ]
Guia de recolhimento municipal
Prefeitura de Porto Alegre
Código de barras 85640000001234567890123456789012345678901234
Vencimento [DATE] valor total [MONEY]
ISSQN Imposto Sobre Serviços de Qualquer Natureza",ISSPoa,GuiaPagamento,synthetic
"Programa Gerador do DAS
Autenticação bancária 00000.00000 11111.111111 22222.222222
Receita Federal do Brasil DAS
Vencimento [DATE] valor total [MONEY]
Documento de Arrecadação do Simples Nacional",SimplesNacional,GuiaPagamento,synthetic
"Período de apuração [DATE] a [DATE]
Documento de Arrecadação do 5imp1es Naciona1
Vencimento [DATE] va1or tota1 [MONEY]
1dentificação do sujeito passivo [CNPJ]
Programa Gerador do DA5
Código de barras 85640000001234567890123456789012345678901234
Receita Federa1 do Brasi1 DA5",SimplesNacional,GuiaPagamento,synthetic
"Autenticação bancária 00000.00000 11111.111111 22222.222222
ISSQN Imposto Sobre Serviços de Qualquer Natureza
Guia de recolhimento municipal
Código de barras 85640000001234567890123456789012345678901234
Prefeitura de Porto Alegre
Contribuinte: Empresa Exemplo 104 LTDA CNPJ [CNPJ]
Identificação do sujeito passivo [CNPJ]",ISSPoa,GuiaPagamento,synthetic
"IRRF - Rendimento do trabalho assalariado DCTFWeb
Contribuição previdenciária CONTRPREV
Período de apuração [DATE] a [DATE]
Vencimento [DATE] valor total [MONEY]
Documento de Arrecadação de Receitas Federais",DCTFWEB,GuiaPagamento,synthetic
"Ministério da Previdência Social
Autenticação bancária 00000.00000 11111.111111 22222.222222
Identificação do sujeito passivo [CNPJ]
Código de pagamento 2100
Contribuinte: Empresa Exemplo 104 LTDA CNPJ [CNPJ]
Vencimento [DATE] valor total [MONEY]
INSS Guia da Previdência Social GPS",GuiaGPS,GuiaPagamento,synthetic
"Contribuição previdenciária CONTRPREV
Identificação do sujeito passivo [CNPJ]
IRRF - Rendimento do trabalho assalariado DCTFWeb
Contribuinte: Empresa Exemplo 104 LTDA CNPJ [CNPJ]
Autenticação bancária 00000.00000 11111.111111 22222.222222
Período de apuração [DATE] a [DATE]
Documento de Arrecadação de Receitas Federais",DCTFWEB,GuiaPagamento,synthetic
"Contribuinte: Empresa Exemplo 104 LTDA CNPJ [CNPJ]
Vencimento [DATE] valor total [MONEY]
Demonstrativo de Resultado
Demonstração de Resultado
Autenticação bancária 00000.00000 11111.111111 22222.222222",DREMensal,Relatorio,synthetic
"Ministério da Previdência Social
INSS Guia da Previdência Social GPS
Autenticação bancária 00000.00000 11111.111111 22222.222222
Código de pagamento 2100
Código de barras 85640000001234567890123456789012345678901234
Contribuinte: Empresa Exemplo 104 LTDA CNPJ [CNPJ]",GuiaGPS,GuiaPagamento,synthetic
"Contribuinte: Empresa Exemplo 104 LTDA CNPJ [CNPJ]
Vencimento [DATE] valor total [MONEY]
Fundo de Garantia do Tempo de Serviço
Competência da guia FGTS Digital
GFD - Guia do FGTS Digital",FGTSDigital,GuiaPagamento,synthetic
"Contribuinte: Empresa Exemplo 104 LTDA CNPJ [CNPJ]
Receita Federal do Brasil DAS
Programa Gerador do DAS
Documento de Arrecadação do Simples Nacional
Período de apuração [DATE] a [DATE]",SimplesNacional,GuiaPagamento,synthetic
"Vencimento [DATE] valor total [MONEY]
Adiantamento Salarial
Identificação do sujeito passivo [CNPJ]
Adiantamento
Autenticação bancária 00000.00000 11111.111111 22222.222222
Contribuinte: Empresa Exemplo 104 LTDA CNPJ [CNPJ]
Declaro ter recebido a importância líquida",Contracheque,Recibo,synthetic
"IRRF - Rendimento do trabalho assalariado DCTFWeb
Contribuição previdenciária CONTRPREV
Documento de Arrecadação de Receitas Federais
Identificação do sujeito passivo [CNPJ]
Contribuinte: Empresa Exemplo 104 LTDA CNPJ [CNPJ]",DCTFWEB,GuiaPagamento,synthetic
"Identificação do sujeito passivo [CNPJ]
Competência da guia FGTS Digital
Fundo de Garantia do Tempo de Serviço
Código de barras 85640000001234567890123456789012345678901234
GFD - Guia do FGTS Digital",FGTSDigital,GuiaPagamento,synthetic
"Autenticação bancária 00000.00000 11111.111111 22222.222222
Período de apuração [DATE] a [DATE]
Demonstração de Resultado
Código de barras 85640000001234567890123456789012345678901234
Demonstrativo de Resultado
Vencimento [DATE] valor total [MONEY]",DREMensal,Relatorio,synthetic
"Documento de Arrecadação de Receitas Federais
Contribuinte: Empresa Exemp1o 104 LTDA CNPJ [CNPJ]
Contribuição previdenciária C0NTRPREV
1RRF - Rendimento do traba1ho assa1ariado DCTFWeb
Vencimento [DATE] va1or tota1 [MONEY]",DCTFWEB,GuiaPagamento,synthetic
"Identificação do sujeito passivo [CNPJ]
Guia de Arrecadação - GA
Estado do Rio Grande Do Sul
Guia de Arrecadação
Período de apuração [DATE] a [DATE]",GARS,GuiaPagamento,synthetic
"Guia de Arrecadação
Vencimento [DATE] valor total [MONEY]
Código de barras 85640000001234567890123456789012345678901234
Estado do Rio Grande Do Sul
Guia de Arrecadação - GA",GARS,GuiaPagamento,synthetic
"Contribuinte: Empresa Exemplo 104 LTDA CNPJ [CNPJ]
Vencimento [DATE] valor total [MONEY]
Período de apuração [DATE] a [DATE]
Demonstração de Resultado
Demonstrativo de Resultado",DREMensal,Relatorio,synthetic
"Contribuinte: Empresa Exemplo 104 LTDA CNPJ [CNPJ]
Ministério da Previdência Social
INSS Guia da Previdência Social GPS
Identificação do sujeito passivo [CNPJ]
Autenticação bancária 00000.00000 11111.111111 22222.222222
Código de pagamento 2100",GuiaGPS,GuiaPagamento,synthetic
"Receita Federal do Brasil DAS
Código de barras 85640000001234567890123456789012345678901234
Programa Gerador do DAS
Vencimento [DATE] valor total [MONEY]
Autenticação bancária 00000.00000 11111.111111 22222.222222
Identificação do sujeito passivo [CNPJ]
Documento de Arrecadação do Simples Nacional",SimplesNacional,GuiaPagamento,synthetic
"GFD - Guia do FGT5 Digita1
Fundo de Garantia do Tempo de 5erviço
Competência da guia FGT5 Digita1
Código de barras 85640000001234567890123456789012345678901234
1dentificação do sujeito passivo [CNPJ]
Vencimento [DATE] va1or tota1 [MONEY]",FGTSDigital,GuiaPagamento,synthetic
"Autenticação bancária 00000.00000 11111.111111 22222.222222
Guia de Arrecadação - GA
Estado do Rio Grande Do Sul
Código de barras 85640000001234567890123456789012345678901234
Guia de Arrecadação",GARS,GuiaPagamento,synthetic
"Contribuinte: Empresa Exemplo 104 LTDA CNPJ [CNPJ]
Identificação do sujeito passivo [CNPJ]
Código de pagamento 2100
Código de barras 85640000001234567890123456789012345678901234
INSS Guia da Previdência Social GPS
Vencimento [DATE] valor total [MONEY]
Ministério da Previdência Social",GuiaGPS,GuiaPagamento,synthetic
"Período de apuração [DATE] a [DATE]
Vencimento [DATE] valor total [MONEY]
Contribuição previdenciária CONTRPREV
Documento de Arrecadação de Receitas Federais
IRRF - Rendimento do trabalho assalariado DCTFWeb",DCTFWEB,GuiaPagamento,synthetic
"Período de apuração [DATE] a [DATE]
Código de barras 85640000001234567890123456789012345678901234
DARF código da receita 2089
Autenticação bancária 00000.00000 11111.111111 22222.222222
Vencimento [DATE] valor total [MONEY]
Documento de Arrecadação de Receitas Federais
Ministério da Fazenda Secretaria da Receita Federal do Brasil",DARF,GuiaPagamento,synthetic
"Documento de Arrecadação do Simples Nacional
Código de barras 85640000001234567890123456789012345678901234
Programa Gerador do DAS
Identificação do sujeito passivo [CNPJ]
Período de apuração [DATE] a [DATE]
Receita Federal do Brasil DAS
Autenticação bancária 00000.00000 11111.111111 22222.222222",SimplesNacional,GuiaPagamento,synthetic
"Período de apuração [DATE] a [DATE]
Código de barras 85640000001234567890123456789012345678901234
Documento de Arrecadação do Simples Nacional
Programa Gerador do DAS
Receita Federal do Brasil DAS",SimplesNacional,GuiaPagamento,synthetic
"155QN 1mposto 5obre 5erviços de Qua1quer Natureza
Guia de reco1himento municipa1
Contribuinte: Empresa Exemp1o 104 LTDA CNPJ [CNPJ]
1dentificação do sujeito passivo [CNPJ]
Código de barras 85640000001234567890123456789012345678901234
Prefeitura de Porto A1egre
Período de apuração [DATE] a [DATE]",ISSPoa,GuiaPagamento,synthetic
"Boleto de contribuição assistencial
Vencimento [DATE] valor total [MONEY]
Código de barras 85640000001234567890123456789012345678901234
Cedente sindicato código do beneficiário
Sindicato dos empregados contribuição confederativa",BoletoSindicato,GuiaPagamento,synthetic
"Autenticação bancária 00000.00000 11111.111111 22222.222222
Vencimento [DATE] valor total [MONEY]
Recibo de entrega de Escrituração Fiscal Digital
Sistema Público de Escrituração Digital SPED
EFD ICMS IPI número do recibo
Contribuinte: Empresa Exemplo 104 LTDA CNPJ [CNPJ]",SPEDFiscal,Recibo,synthetic
"5indicato dos empregados contribuição confederativa
Vencimento [DATE] va1or tota1 [MONEY]
Bo1eto de contribuição assistencia1
Cedente sindicato código do beneficiário
1dentificação do sujeito passivo [CNPJ]",BoletoSindicato,GuiaPagamento,synthetic
"GFD - Guia do FGTS Digital
Fundo de Garantia do Tempo de Serviço
Vencimento [DATE] valor total [MONEY]
Identificação do sujeito passivo [CNPJ]
Competência da guia FGTS Digital",FGTSDigital,GuiaPagamento,synthetic
"5istema Púb1ico de Escrituração Digita1 5PED
Recibo de entrega de Escrituração Fisca1 Digita1
Autenticação bancária 00000.00000 11111.111111 22222.222222
1dentificação do sujeito passivo [CNPJ]
EFD 1CM5 1P1 número do recibo
Contribuinte: Empresa Exemp1o 104 LTDA CNPJ [CNPJ]",SPEDFiscal,Recibo,synthetic
"Vencimento [DATE] va1or tota1 [MONEY]
Documento de Arrecadação de Receitas Federais
Autenticação bancária 00000.00000 11111.111111 22222.222222
DARF código da receita 2089
Ministério da Fazenda 5ecretaria da Receita Federa1 do Brasi1",DARF,GuiaPagamento,synthetic
"Identificação do sujeito passivo [CNPJ]
Guia de Arrecadação
Guia de Arrecadação - GA
Estado do Rio Grande Do Sul
Período de apuração [DATE] a [DATE]
Vencimento [DATE] valor total [MONEY]",GARS,GuiaPagamento,synthetic
"ISSQN Imposto Sobre Serviços de Qualquer Natureza
Guia de recolhimento municipal
Prefeitura de Porto Alegre
Contribuinte: Empresa Exemplo 104 LTDA CNPJ [CNPJ]
Código de barras 85640000001234567890123456789012345678901234",ISSPoa,GuiaPagamento,synthetic
"Presentes os sócios na sede da sociedade
Ata de reunião pauta 1 aprovação das contas
Período de apuração [DATE] a [DATE]
Autenticação bancária 00000.00000 11111.111111 22222.222222",Desconhecido,Desconhecido,synthetic
"Demonstrativo de Resultado
Vencimento [DATE] valor total [MONEY]
Contribuinte: Empresa Exemplo 104 LTDA CNPJ [CNPJ]
Identificação do sujeito passivo [CNPJ]
Demonstração de Resultado",DREMensal,Relatorio,synthetic
"Código de pagamento 2100
Código de barras 85640000001234567890123456789012345678901234
Ministério da Previdência Social
Identificação do sujeito passivo [CNPJ]
INSS Guia da Previdência Social GPS
Contribuinte: Empresa Exemplo 104 LTDA CNPJ [CNPJ]",GuiaGPS,GuiaPagamento,synthetic
"Contribuinte: Empresa Exemplo 104 LTDA CNPJ [CNPJ]
Período de apuração [DATE] a [DATE]
Boleto de contribuição assistencial
Sindicato dos empregados contribuição confederativa
Código de barras 85640000001234567890123456789012345678901234
Cedente sindicato código do beneficiário
Vencimento [DATE] valor total [MONEY]",BoletoSindicato,GuiaPagamento,synthetic
"Contribuinte: Empresa Exemplo 104 LTDA CNPJ [CNPJ]
Autenticação bancária 00000.00000 11111.111111 22222.222222
Documento de Arrecadação do Simples Nacional
Vencimento [DATE] valor total [MONEY]
Programa Gerador do DAS
Código de barras 85640000001234567890123456789012345678901234
Receita Federal do Brasil DAS",SimplesNacional,GuiaPagamento,synthetic
"Código de barras 85640000001234567890123456789012345678901234
Competência da guia FGTS Digital
GFD - Guia do FGTS Digital
Período de apuração [DATE] a [DATE]
Fundo de Garantia do Tempo de Serviço",FGTSDigital,GuiaPagamento,synthetic
"Identificação do sujeito passivo [CNPJ]
Autenticação bancária 00000.00000 11111.111111 22222.222222
Programa Gerador do DAS
Documento de Arrecadação do Simples Nacional
Receita Federal do Brasil DAS",SimplesNacional,GuiaPagamento,synthetic
"Guia de Arrecadação
Identificação do sujeito passivo [CNPJ]
Vencimento [DATE] valor total [MONEY]
Guia de Arrecadação - GA
Estado do Rio Grande Do Sul
Contribuinte: Empresa Exemplo 104 LTDA CNPJ [CNPJ]",GARS,GuiaPagamento,synthetic
"Vencimento [DATE] valor total [MONEY]
Documento de Arrecadação de Receitas Federais
Contribuição previdenciária CONTRPREV
IRRF - Rendimento do trabalho assalariado DCTFWeb
Período de apuração [DATE] a [DATE]",DCTFWEB,GuiaPagamento,synthetic
"Código de barras 85640000001234567890123456789012345678901234
Autenticação bancária 00000.00000 11111.111111 22222.222222
Demonstrativo de Resultado
Vencimento [DATE] valor total [MONEY]
Demonstração de Resultado
Identificação do sujeito passivo [CNPJ]",DREMensal,Relatorio,synthetic
"Demonstração de Resultado
Demonstrativo de Resultado
Vencimento [DATE] valor total [MONEY]
Autenticação bancária 00000.00000 11111.111111 22222.222222
Período de apuração [DATE] a [DATE]",DREMensal,Relatorio,synthetic
"Identificação do sujeito passivo [CNPJ]
Demonstrativo de Resultado
Demonstração de Resultado
Período de apuração [DATE] a [DATE]
Autenticação bancária 00000.00000 11111.111111 22222.222222",DREMensal,Relatorio,synthetic
"INSS Guia da Previdência Social GPS
Identificação do sujeito passivo [CNPJ]
Período de apuração [DATE] a [DATE]
Código de pagamento 2100
Ministério da Previdência Social",GuiaGPS,GuiaPagamento,synthetic
"Código de barras 85640000001234567890123456789012345678901234
Contribuinte: Empresa Exemp1o 104 LTDA CNPJ [CNPJ]
Competência da guia FGT5 Digita1
GFD - Guia do FGT5 Digita1
Fundo de Garantia do Tempo de 5erviço",FGTSDigital,GuiaPagamento,synthetic
"Código de barras 85640000001234567890123456789012345678901234
1dentificação do sujeito passivo [CNPJ]
Guia de Arrecadação - GA
Guia de Arrecadação
Estado do Rio Grande Do 5u1
Autenticação bancária 00000.00000 11111.111111 22222.222222",GARS,GuiaPagamento,synthetic
"Autenticação bancária 00000.00000 11111.111111 22222.222222
Código de barras 85640000001234567890123456789012345678901234
Guia de Arrecadação
Período de apuração [DATE] a [DATE]
Estado do Rio Grande Do Sul
Contribuinte: Empresa Exemplo 104 LTDA CNPJ [CNPJ]
Guia de Arrecadação - GA",GARS,GuiaPagamento,synthetic
"Programa Gerador do DAS
Vencimento [DATE] valor total [MONEY]
Documento de Arrecadação do Simples Nacional
Contribuinte: Empresa Exemplo 104 LTDA CNPJ [CNPJ]
Receita Federal do Brasil DAS",SimplesNacional,GuiaPagamento,synthetic
"Código de barras 85640000001234567890123456789012345678901234
Programa Gerador do DAS
Receita Federal do Brasil DAS
Documento de Arrecadação do Simples Nacional
Período de apuração [DATE] a [DATE]",SimplesNacional,GuiaPagamento,synthetic
"Demonstração de Resultado
Identificação do sujeito passivo [CNPJ]
Autenticação bancária 00000.00000 11111.111111 22222.222222
Contribuinte: Empresa Exemplo 104 LTDA CNPJ [CNPJ]
Demonstrativo de Resultado",DREMensal,Relatorio,synthetic
"Contribuinte: Empresa Exemplo 104 LTDA CNPJ [CNPJ]
Guia de Arrecadação
Guia de Arrecadação - GA
Identificação do sujeito passivo [CNPJ]
Código de barras 85640000001234567890123456789012345678901234
Vencimento [DATE] valor total [MONEY]
Estado do Rio Grande Do Sul",GARS,GuiaPagamento,synthetic
"Código de barras 85640000001234567890123456789012345678901234
Adiantamento Salarial
Período de apuração [DATE] a [DATE]
Adiantamento
Declaro ter recebido a importância líquida",Contracheque,Recibo,synthetic
"Código de barras 85640000001234567890123456789012345678901234
Boleto de contribuição assistencial
Autenticação bancária 00000.00000 11111.111111 22222.222222
Sindicato dos empregados contribuição confederativa
Cedente sindicato código do beneficiário
Período de apuração [DATE] a [DATE]",BoletoSindicato,GuiaPagamento,synthetic
"Ministério da Fazenda Secretaria da Receita Federal do Brasil
Identificação do sujeito passivo [CNPJ]
Período de apuração [DATE] a [DATE]
DARF código da receita 2089
Documento de Arrecadação de Receitas Federais",DARF,GuiaPagamento,synthetic
"INSS Guia da Previdência Social GPS
Ministério da Previdência Social
Autenticação bancária 00000.00000 11111.111111 22222.222222
Período de apuração [DATE] a [DATE]
Código de pagamento 2100
Contribuinte: Empresa Exemplo 104 LTDA CNPJ [CNPJ]",GuiaGPS,GuiaPagamento,synthetic
"Autenticação bancária 00000.00000 11111.111111 22222.222222
GFD - Guia do FGTS Digital
Competência da guia FGTS Digital
Período de apuração [DATE] a [DATE]
Fundo de Garantia do Tempo de Serviço
Vencimento [DATE] valor total [MONEY]",FGTSDigital,GuiaPagamento,synthetic
"Contribuinte: Empresa Exemplo 104 LTDA CNPJ [CNPJ]
IRRF - Rendimento do trabalho assalariado DCTFWeb
Documento de Arrecadação de Receitas Federais
Identificação do sujeito passivo [CNPJ]
Vencimento [DATE] valor total [MONEY]
Contribuição previdenciária CONTRPREV",DCTFWEB,GuiaPagamento,synthetic
"Contribuinte: Empresa Exemplo 104 LTDA CNPJ [CNPJ]
Vencimento [DATE] valor total [MONEY]
Quantidade 10 unidades descrição material de escritório
Autenticação bancária 00000.00000 11111.111111 22222.222222
Pedido de compra ordem 4521",Desconhecido,Desconhecido,synthetic
"Código de barras 85640000001234567890123456789012345678901234
Período de apuração [DATE] a [DATE]
5istema Púb1ico de Escrituração Digita1 5PED
EFD 1CM5 1P1 número do recibo
Recibo de entrega de Escrituração Fisca1 Digita1
Vencimento [DATE] va1or tota1 [MONEY]
Contribuinte: Empresa Exemp1o 104 LTDA CNPJ [CNPJ]",SPEDFiscal,Recibo,synthetic
"IRRF - Rendimento do trabalho assalariado DCTFWeb
Contribuinte: Empresa Exemplo 104 LTDA CNPJ [CNPJ]
Código de barras 85640000001234567890123456789012345678901234
Documento de Arrecadação de Receitas Federais
Contribuição previdenciária CONTRPREV",DCTFWEB,GuiaPagamento,synthetic
"5indicato dos empregados contribuição confederativa
1dentificação do sujeito passivo [CNPJ]
Cedente sindicato código do beneficiário
Autenticação bancária 00000.00000 11111.111111 22222.222222
Bo1eto de contribuição assistencia1",BoletoSindicato,GuiaPagamento,synthetic
"Código de barras 85640000001234567890123456789012345678901234
DARF código da receita 2089
Vencimento [DATE] valor total [MONEY]
Ministério da Fazenda Secretaria da Receita Federal do Brasil
Documento de Arrecadação de Receitas Federais",DARF,GuiaPagamento,synthetic
"Contribuinte: Empresa Exemplo 104 LTDA CNPJ [CNPJ]
Vencimento [DATE] valor total [MONEY]
As partes acima identificadas têm entre si justo e contratado
Contrato de prestação de serviços cláusula primeira",Desconhecido,Desconhecido,synthetic
"Período de apuração [DATE] a [DATE]
Identificação do sujeito passivo [CNPJ]
Código de barras 85640000001234567890123456789012345678901234
DARF código da receita 2089
Documento de Arrecadação de Receitas Federais
Vencimento [DATE] valor total [MONEY]
Ministério da Fazenda Secretaria da Receita Federal do Brasil",DARF,GuiaPagamento,synthetic
"Código de barras 85640000001234567890123456789012345678901234
Guia de recolhimento municipal
Prefeitura de Porto Alegre
Autenticação bancária 00000.00000 11111.111111 22222.222222
Contribuinte: Empresa Exemplo 104 LTDA CNPJ [CNPJ]
ISSQN Imposto Sobre Serviços de Qualquer Natureza
Identificação do sujeito passivo [CNPJ]",ISSPoa,GuiaPagamento,synthetic
"Vencimento [DATE] valor total [MONEY]
ISSQN Imposto Sobre Serviços de Qualquer Natureza
Período de apuração [DATE] a [DATE]
Prefeitura de Porto Alegre
Código de barras 85640000001234567890123456789012345678901234
Autenticação bancária 00000.00000 11111.111111 22222.222222
Guia de recolhimento municipal",ISSPoa,GuiaPagamento,synthetic
"Vencimento [DATE] valor total [MONEY]
Código de barras 85640000001234567890123456789012345678901234
Declaro ter recebido a importância líquida
Adiantamento Salarial
Adiantamento",Contracheque,Recibo,synthetic
"Código de barras 85640000001234567890123456789012345678901234
Ministério da Fazenda Secretaria da Receita Federal do Brasil
Autenticação bancária 00000.00000 11111.111111 22222.222222
Vencimento [DATE] valor total [MONEY]
Contribuinte: Empresa Exemplo 104 LTDA CNPJ [CNPJ]
Documento de Arrecadação de Receitas Federais
DARF código da receita 2089",DARF,GuiaPagamento,synthetic
"Sindicato dos empregados contribuição confederativa
Código de barras 85640000001234567890123456789012345678901234
Boleto de contribuição assistencial
Vencimento [DATE] valor total [MONEY]
Identificação do sujeito passivo [CNPJ]
Cedente sindicato código do beneficiário
Contribuinte: Empresa Exemplo 104 LTDA CNPJ [CNPJ]",BoletoSindicato,GuiaPagamento,synthetic
"IRRF - Rendimento do trabalho assalariado DCTFWeb
Vencimento [DATE] valor total [MONEY]
Código de barras 85640000001234567890123456789012345678901234
Documento de Arrecadação de Receitas Federais
Período de apuração [DATE] a [DATE]
Identificação do sujeito passivo [CNPJ]
Contribuição previdenciária CONTRPREV",DCTFWEB,GuiaPagamento,synthetic
"Identificação do sujeito passivo [CNPJ]
Contribuinte: Empresa Exemplo 104 LTDA CNPJ [CNPJ]
Boleto de contribuição assistencial
Cedente sindicato código do beneficiário
Sindicato dos empregados contribuição confederativa
Código de barras 85640000001234567890123456789012345678901234
Período de apuração [DATE] a [DATE]",BoletoSindicato,GuiaPagamento,synthetic
"Código de pagamento 2100
Ministério da Previdência Social
Identificação do sujeito passivo [CNPJ]
Vencimento [DATE] valor total [MONEY]
Contribuinte: Empresa Exemplo 104 LTDA CNPJ [CNPJ]
Código de barras 85640000001234567890123456789012345678901234
INSS Guia da Previdência Social GPS",GuiaGPS,GuiaPagamento,synthetic
"Boleto de contribuição assistencial
Cedente sindicato código do beneficiário
Código de barras 85640000001234567890123456789012345678901234
Vencimento [DATE] valor total [MONEY]
Sindicato dos empregados contribuição confederativa
Identificação do sujeito passivo [CNPJ]",BoletoSindicato,GuiaPagamento,synthetic
"Contribuinte: Empresa Exemplo 104 LTDA CNPJ [CNPJ]
Guia de Arrecadação
Guia de Arrecadação - GA
Estado do Rio Grande Do Sul
Código de barras 85640000001234567890123456789012345678901234
Identificação do sujeito passivo [CNPJ]",GARS,GuiaPagamento,synthetic
"Contribuinte: Empresa Exemplo 104 LTDA CNPJ [CNPJ]
Vencimento [DATE] valor total [MONEY]
Ministério da Previdência Social
INSS Guia da Previdência Social GPS
Código de pagamento 2100",GuiaGPS,GuiaPagamento,synthetic
"Vencimento [DATE] valor total [MONEY]
Pedido de compra ordem 4521
Quantidade 10 unidades descrição material de escritório
Código de barras 85640000001234567890123456789012345678901234
Período de apuração [DATE] a [DATE]",Desconhecido,Desconhecido,synthetic
"Guia de Arrecadação
Código de barras 85640000001234567890123456789012345678901234
Estado do Rio Grande Do Sul
Contribuinte: Empresa Exemplo 104 LTDA CNPJ [CNPJ]
Guia de Arrecadação - GA
Autenticação bancária 00000.00000 11111.111111 22222.222222",GARS,GuiaPagamento,synthetic
"Código de barras 85640000001234567890123456789012345678901234
Identificação do sujeito passivo [CNPJ]
Documento de Arrecadação do Simples Nacional
Período de apuração [DATE] a [DATE]
Receita Federal do Brasil DAS
Contribuinte: Empresa Exemplo 104 LTDA CNPJ [CNPJ]
Programa Gerador do DAS",SimplesNacional,GuiaPagamento,synthetic
"Período de apuração [DATE] a [DATE]
Competência da guia FGTS Digital
Fundo de Garantia do Tempo de Serviço
Código de barras 85640000001234567890123456789012345678901234
Identificação do sujeito passivo [CNPJ]
GFD - Guia do FGTS Digital
Vencimento [DATE] valor total [MONEY]",FGTSDigital,GuiaPagamento,synthetic
"Identificação do sujeito passivo [CNPJ]
Demonstrativo de Resultado
Demonstração de Resultado
Código de barras 85640000001234567890123456789012345678901234
Período de apuração [DATE] a [DATE]
Vencimento [DATE] valor total [MONEY]",DREMensal,Relatorio,synthetic
"Vencimento [DATE] valor total [MONEY]
Período de apuração [DATE] a [DATE]
Guia de recolhimento municipal
Prefeitura de Porto Alegre
ISSQN Imposto Sobre Serviços de Qualquer Natureza
Contribuinte: Empresa Exemplo 104 LTDA CNPJ [CNPJ]",ISSPoa,GuiaPagamento,synthetic
"EFD 1CM5 1P1 número do recibo
Vencimento [DATE] va1or tota1 [MONEY]
Período de apuração [DATE] a [DATE]
Recibo de entrega de Escrituração Fisca1 Digita1
5istema Púb1ico de Escrituração Digita1 5PED",SPEDFiscal,Recibo,synthetic
"Identificação do sujeito passivo [CNPJ]
Guia de Arrecadação
Estado do Rio Grande Do Sul
Guia de Arrecadação - GA
Vencimento [DATE] valor total [MONEY]",GARS,GuiaPagamento,synthetic
"Adiantamento
Declaro ter recebido a importância líquida
Identificação do sujeito passivo [CNPJ]
Adiantamento Salarial
Período de apuração [DATE] a [DATE]
Vencimento [DATE] valor total [MONEY]",Contracheque,Recibo,synthetic
"Vencimento [DATE] valor total [MONEY]
Demonstrativo de Resultado
Demonstração de Resultado
Contribuinte: Empresa Exemplo 104 LTDA CNPJ [CNPJ]
Código de barras 85640000001234567890123456789012345678901234
Autenticação bancária 00000.00000 11111.111111 22222.222222",DREMensal,Relatorio,synthetic
"Adiantamento
Autenticação bancária 00000.00000 11111.111111 22222.222222
Declaro ter recebido a importância líquida
Adiantamento Salarial
Período de apuração [DATE] a [DATE]",Contracheque,Recibo,synthetic
"Autenticação bancária 00000.00000 11111.111111 22222.222222
Identificação do sujeito passivo [CNPJ]
Código de barras 85640000001234567890123456789012345678901234
Demonstrativo de Resultado
Período de apuração [DATE] a [DATE]
Demonstração de Resultado",DREMensal,Relatorio,synthetic
"Ata de reunião pauta 1 aprovação das contas
Contribuinte: Empresa Exemplo 104 LTDA CNPJ [CNPJ]
Identificação do sujeito passivo [CNPJ]
Autenticação bancária 00000.00000 11111.111111 22222.222222
Vencimento [DATE] valor total [MONEY]
Presentes os sócios na sede da sociedade",Desconhecido,Desconhecido,synthetic
"Guia de recolhimento municipal
Prefeitura de Porto Alegre
Período de apuração [DATE] a [DATE]
Contribuinte: Empresa Exemplo 104 LTDA CNPJ [CNPJ]
ISSQN Imposto Sobre Serviços de Qualquer Natureza
Vencimento [DATE] valor total [MONEY]",ISSPoa,GuiaPagamento,synthetic
"Período de apuração [DATE] a [DATE]
Código de barras 85640000001234567890123456789012345678901234
Demonstrativo de Resultado
Autenticação bancária 00000.00000 11111.111111 22222.222222
Demonstração de Resultado",DREMensal,Relatorio,synthetic
"Autenticação bancária 00000.00000 11111.111111 22222.222222
Declaro ter recebido a importância líquida
Período de apuração [DATE] a [DATE]
Adiantamento Salarial
Vencimento [DATE] valor total [MONEY]
Adiantamento",Contracheque,Recibo,synthetic
"Período de apuração [DATE] a [DATE]
Recibo de entrega de Escrituração Fiscal Digital
EFD ICMS IPI número do recibo
Sistema Público de Escrituração Digital SPED
Identificação do sujeito passivo [CNPJ]",SPEDFiscal,Recibo,synthetic
"Ministério da Previdência Social
Código de pagamento 2100
Código de barras 85640000001234567890123456789012345678901234
Identificação do sujeito passivo [CNPJ]
Vencimento [DATE] valor total [MONEY]
Contribuinte: Empresa Exemplo 104 LTDA CNPJ [CNPJ]
INSS Guia da Previdência Social GPS",GuiaGPS,GuiaPagamento,synthetic
"Declaro ter recebido a importância líquida
Adiantamento Salarial
Período de apuração [DATE] a [DATE]
Adiantamento
Vencimento [DATE] valor total [MONEY]",Contracheque,Recibo,synthetic
"Documento de Arrecadação de Receitas Federais
Contribuinte: Empresa Exemplo 104 LTDA CNPJ [CNPJ]
Vencimento [DATE] valor total [MONEY]
Período de apuração [DATE] a [DATE]
DARF código da receita 2089
Identificação do sujeito passivo [CNPJ]
Ministério da Fazenda Secretaria da Receita Federal do Brasil",DARF,GuiaPagamento,synthetic
"IRRF - Rendimento do trabalho assalariado DCTFWeb
Documento de Arrecadação de Receitas Federais
Identificação do sujeito passivo [CNPJ]
Contribuição previdenciária CONTRPREV
Contribuinte: Empresa Exemplo 104 LTDA CNPJ [CNPJ]",DCTFWEB,GuiaPagamento,synthetic
"155QN 1mposto 5obre 5erviços de Qua1quer Natureza
Código de barras 85640000001234567890123456789012345678901234
1dentificação do sujeito passivo [CNPJ]
Vencimento [DATE] va1or tota1 [MONEY]
Prefeitura de Porto A1egre
Guia de reco1himento municipa1
Autenticação bancária 00000.00000 11111.111111 22222.222222",ISSPoa,GuiaPagamento,synthetic
"Ministério da Fazenda Secretaria da Receita Federal do Brasil
Contribuinte: Empresa Exemplo 104 LTDA CNPJ [CNPJ]
DARF código da receita 2089
Documento de Arrecadação de Receitas Federais
Vencimento [DATE] valor total [MONEY]
Período de apuração [DATE] a [DATE]",DARF,GuiaPagamento,synthetic
"Contribuinte: Empresa Exemplo 104 LTDA CNPJ [CNPJ]
Programa Gerador do DAS
Autenticação bancária 00000.00000 11111.111111 22222.222222
Vencimento [DATE] valor total [MONEY]
Receita Federal do Brasil DAS
Documento de Arrecadação do Simples Nacional",SimplesNacional,GuiaPagamento,synthetic
"Competência da guia FGTS Digital
Contribuinte: Empresa Exemplo 104 LTDA CNPJ [CNPJ]
Código de barras 85640000001234567890123456789012345678901234
Fundo de Garantia do Tempo de Serviço
GFD - Guia do FGTS Digital
Vencimento [DATE] valor total [MONEY]",FGTSDigital,GuiaPagamento,synthetic
"Contribuição previdenciária CONTRPREV
Autenticação bancária 00000.00000 11111.111111 22222.222222
Vencimento [DATE] valor total [MONEY]
IRRF - Rendimento do trabalho assalariado DCTFWeb
Identificação do sujeito passivo [CNPJ]
Documento de Arrecadação de Receitas Federais",DCTFWEB,GuiaPagamento,synthetic
"Declaro ter recebido a importância líquida
Contribuinte: Empresa Exemplo 104 LTDA CNPJ [CNPJ]
Adiantamento
Código de barras 85640000001234567890123456789012345678901234
Adiantamento Salarial
Vencimento [DATE] valor total [MONEY]
Identificação do sujeito passivo [CNPJ]",Contracheque,Recibo,synthetic
"Vencimento [DATE] valor total [MONEY]
Identificação do sujeito passivo [CNPJ]
Documento de Arrecadação de Receitas Federais
Contribuição previdenciária CONTRPREV
IRRF - Rendimento do trabalho assalariado DCTFWeb
Período de apuração [DATE] a [DATE]",DCTFWEB,GuiaPagamento,synthetic
"Vencimento [DATE] valor total [MONEY]
INSS Guia da Previdência Social GPS
Autenticação bancária 00000.00000 11111.111111 22222.222222
Código de pagamento 2100
Ministério da Previdência Social
Identificação do sujeito passivo [CNPJ]",GuiaGPS,GuiaPagamento,synthetic
"Autenticação bancária 00000.00000 11111.111111 22222.222222
Documento de Arrecadação de Receitas Federais
IRRF - Rendimento do trabalho assalariado DCTFWeb
Vencimento [DATE] valor total [MONEY]
Código de barras 85640000001234567890123456789012345678901234
Período de apuração [DATE] a [DATE]
Contribuição previdenciária CONTRPREV",DCTFWEB,GuiaPagamento,synthetic
"Vencimento [DATE] valor total [MONEY]
GFD - Guia do FGTS Digital
Fundo de Garantia do Tempo de Serviço
Competência da guia FGTS Digital
Código de barras 85640000001234567890123456789012345678901234",FGTSDigital,GuiaPagamento,synthetic
"Vencimento [DATE] valor total [MONEY]
Demonstração de Resultado
Período de apuração [DATE] a [DATE]
Demonstrativo de Resultado",DREMensal,Relatorio,synthetic
"Autenticação bancária 00000.00000 11111.111111 22222.222222
Contribuinte: Empresa Exemplo 104 LTDA CNPJ [CNPJ]
Sistema Público de Escrituração Digital SPED
Recibo de entrega de Escrituração Fiscal Digital
Vencimento [DATE] valor total [MONEY]
EFD ICMS IPI número do recibo",SPEDFiscal,Recibo,synthetic
"Guia de Arrecadação
Estado do Rio Grande Do Sul
Período de apuração [DATE] a [DATE]
Identificação do sujeito passivo [CNPJ]
Autenticação bancária 00000.00000 11111.111111 22222.222222
Guia de Arrecadação - GA
Vencimento [DATE] valor total [MONEY]",GARS,GuiaPagamento,synthetic
"Autenticação bancária 00000.00000 11111.111111 22222.222222
Programa Gerador do DA5
Período de apuração [DATE] a [DATE]
Documento de Arrecadação do 5imp1es Naciona1
Contribuinte: Empresa Exemp1o 104 LTDA CNPJ [CNPJ]
Receita Federa1 do Brasi1 DA5
Código de barras 85640000001234567890123456789012345678901234",SimplesNacional,GuiaPagamento,synthetic
"5indicato dos empregados contribuição confederativa
Contribuinte: Empresa Exemp1o 104 LTDA CNPJ [CNPJ]
Cedente sindicato código do beneficiário
1dentificação do sujeito passivo [CNPJ]
Vencimento [DATE] va1or tota1 [MONEY]
Bo1eto de contribuição assistencia1
Autenticação bancária 00000.00000 11111.111111 22222.222222",BoletoSindicato,GuiaPagamento,synthetic
"Código de barras 85640000001234567890123456789012345678901234
Demonstrativo de Resultado
Identificação do sujeito passivo [CNPJ]
Demonstração de Resultado",DREMensal,Relatorio,synthetic
"Contribuinte: Empresa Exemplo 104 LTDA CNPJ [CNPJ]
Autenticação bancária 00000.00000 11111.111111 22222.222222
Contribuição previdenciária CONTRPREV
IRRF - Rendimento do trabalho assalariado DCTFWeb
Documento de Arrecadação de Receitas Federais
Período de apuração [DATE] a [DATE]",DCTFWEB,GuiaPagamento,synthetic
"Código de barras 85640000001234567890123456789012345678901234
EFD ICMS IPI número do recibo
Sistema Público de Escrituração Digital SPED
Identificação do sujeito passivo [CNPJ]
Recibo de entrega de Escrituração Fiscal Digital",SPEDFiscal,Recibo,synthetic
"Autenticação bancária 00000.00000 11111.111111 22222.222222
Contribuinte: Empresa Exemplo 104 LTDA CNPJ [CNPJ]
INSS Guia da Previdência Social GPS
Ministério da Previdência Social
Código de pagamento 2100",GuiaGPS,GuiaPagamento,synthetic
"Código de pagamento 2100
Ministério da Previdência Social
Autenticação bancária 00000.00000 11111.111111 22222.222222
Período de apuração [DATE] a [DATE]
INSS Guia da Previdência Social GPS
Identificação do sujeito passivo [CNPJ]",GuiaGPS,GuiaPagamento,synthetic
"Identificação do sujeito passivo [CNPJ]
Documento de Arrecadação de Receitas Federais
Contribuinte: Empresa Exemplo 104 LTDA CNPJ [CNPJ]
DARF código da receita 2089
Ministério da Fazenda Secretaria da Receita Federal do Brasil",DARF,GuiaPagamento,synthetic
"Contribuinte: Empresa Exemplo 104 LTDA CNPJ [CNPJ]
Código de barras 85640000001234567890123456789012345678901234
GFD - Guia do FGTS Digital
Fundo de Garantia do Tempo de Serviço
Identificação do sujeito passivo [CNPJ]
Período de apuração [DATE] a [DATE]
Competência da guia FGTS Digital",FGTSDigital,GuiaPagamento,synthetic
"Contribuinte: Empresa Exemplo 104 LTDA CNPJ [CNPJ]
Declaro ter recebido a importância líquida
Adiantamento
Código de barras 85640000001234567890123456789012345678901234
Adiantamento Salarial
Autenticação bancária 00000.00000 11111.111111 22222.222222
Identificação do sujeito passivo [CNPJ]",Contracheque,Recibo,synthetic
"Cedente sindicato código do beneficiário
Autenticação bancária 00000.00000 11111.111111 22222.222222
Identificação do sujeito passivo [CNPJ]
Código de barras 85640000001234567890123456789012345678901234
Sindicato dos empregados contribuição confederativa
Boleto de contribuição assistencial",BoletoSindicato,GuiaPagamento,synthetic
"Período de apuração [DATE] a [DATE]
Código de barras 85640000001234567890123456789012345678901234
Vencimento [DATE] valor total [MONEY]
Boleto de contribuição assistencial
Sindicato dos empregados contribuição confederativa
Cedente sindicato código do beneficiário
Autenticação bancária 00000.00000 11111.111111 22222.222222",BoletoSindicato,GuiaPagamento,synthetic
"Vencimento [DATE] valor total [MONEY]
Contribuinte: Empresa Exemplo 104 LTDA CNPJ [CNPJ]
Competência da guia FGTS Digital
Fundo de Garantia do Tempo de Serviço
Período de apuração [DATE] a [DATE]
GFD - Guia do FGTS Digital",FGTSDigital,GuiaPagamento,synthetic
"Identificação do sujeito passivo [CNPJ]
Quantidade 10 unidades descrição material de escritório
Vencimento [DATE] valor total [MONEY]
Pedido de compra ordem 4521",Desconhecido,Desconhecido,synthetic
"Código de barras 85640000001234567890123456789012345678901234
Ministério da Fazenda Secretaria da Receita Federal do Brasil
DARF código da receita 2089
Documento de Arrecadação de Receitas Federais
Vencimento [DATE] valor total [MONEY]
Autenticação bancária 00000.00000 11111.111111 22222.222222",DARF,GuiaPagamento,synthetic
"Contribuição previdenciária CONTRPREV
IRRF - Rendimento do trabalho assalariado DCTFWeb
Autenticação bancária 00000.00000 11111.111111 22222.222222
Documento de Arrecadação de Receitas Federais
Período de apuração [DATE] a [DATE]",DCTFWEB,GuiaPagamento,synthetic
"Identificação do sujeito passivo [CNPJ]
Cedente sindicato código do beneficiário
Sindicato dos empregados contribuição confederativa
Contribuinte: Empresa Exemplo 104 LTDA CNPJ [CNPJ]
Período de apuração [DATE] a [DATE]
Boleto de contribuição assistencial
Vencimento [DATE] valor total [MONEY]",BoletoSindicato,GuiaPagamento,synthetic
"Documento de Arrecadação do Simples Nacional
Período de apuração [DATE] a [DATE]
Programa Gerador do DAS
Contribuinte: Empresa Exemplo 104 LTDA CNPJ [CNPJ]
Código de barras 85640000001234567890123456789012345678901234
Autenticação bancária 00000.00000 11111.111111 22222.222222
Receita Federal do Brasil DAS",SimplesNacional,GuiaPagamento,synthetic
"Vencimento [DATE] valor total [MONEY]
Contribuição previdenciária CONTRPREV
Documento de Arrecadação de Receitas Federais
Identificação do sujeito passivo [CNPJ]
Autenticação bancária 00000.00000 11111.111111 22222.222222
IRRF - Rendimento do trabalho assalariado DCTFWeb
Período de apuração [DATE] a [DATE]",DCTFWEB,GuiaPagamento,synthetic
"Autenticação bancária 00000.00000 11111.111111 22222.222222
Vencimento [DATE] valor total [MONEY]
Competência da guia FGTS Digital
Período de apuração [DATE] a [DATE]
Contribuinte: Empresa Exemplo 104 LTDA CNPJ [CNPJ]
GFD - Guia do FGTS Digital
Fundo de Garantia do Tempo de Serviço",FGTSDigital,GuiaPagamento,synthetic
"Identificação do sujeito passivo [CNPJ]
IRRF - Rendimento do trabalho assalariado DCTFWeb
Vencimento [DATE] valor total [MONEY]
Período de apuração [DATE] a [DATE]
Documento de Arrecadação de Receitas Federais
Código de barras 85640000001234567890123456789012345678901234
Contribuição previdenciária CONTRPREV",DCTFWEB,GuiaPagamento,synthetic
"Estado do Rio Grande Do 5u1
Contribuinte: Empresa Exemp1o 104 LTDA CNPJ [CNPJ]
Guia de Arrecadação - GA
1dentificação do sujeito passivo [CNPJ]
Vencimento [DATE] va1or tota1 [MONEY]
Guia de Arrecadação",GARS,GuiaPagamento,synthetic
"Competência da guia FGTS Digital
Código de barras 85640000001234567890123456789012345678901234
Fundo de Garantia do Tempo de Serviço
Período de apuração [DATE] a [DATE]
GFD - Guia do FGTS Digital",FGTSDigital,GuiaPagamento,synthetic
"Declaro ter recebido a importância líquida
Adiantamento Salarial
Adiantamento
Autenticação bancária 00000.00000 11111.111111 22222.222222
Período de apuração [DATE] a [DATE]
Vencimento [DATE] valor total [MONEY]
Código de barras 85640000001234567890123456789012345678901234",Contracheque,Recibo,synthetic
"Fundo de Garantia do Tempo de Serviço
Código de barras 85640000001234567890123456789012345678901234
GFD - Guia do FGTS Digital
Contribuinte: Empresa Exemplo 104 LTDA CNPJ [CNPJ]
Vencimento [DATE] valor total [MONEY]
Competência da guia FGTS Digital
Período de apuração [DATE] a [DATE]",FGTSDigital,GuiaPagamento,synthetic
"Identificação do sujeito passivo [CNPJ]
DARF código da receita 2089
Código de barras 85640000001234567890123456789012345678901234
Documento de Arrecadação de Receitas Federais
Vencimento [DATE] valor total [MONEY]
Ministério da Fazenda Secretaria da Receita Federal do Brasil",DARF,GuiaPagamento,synthetic
"Receita Federal do Brasil DAS
Contribuinte: Empresa Exemplo 104 LTDA CNPJ [CNPJ]
Identificação do sujeito passivo [CNPJ]
Programa Gerador do DAS
Autenticação bancária 00000.00000 11111.111111 22222.222222
Vencimento [DATE] valor total [MONEY]
Documento de Arrecadação do Simples Nacional",SimplesNacional,GuiaPagamento,synthetic
"Ata de reunião pauta 1 aprovação das contas
Presentes os sócios na sede da sociedade
Vencimento [DATE] valor total [MONEY]
Período de apuração [DATE] a [DATE]",Desconhecido,Desconhecido,synthetic
"DARF código da receita 2089
1dentificação do sujeito passivo [CNPJ]
Autenticação bancária 00000.00000 11111.111111 22222.222222
Documento de Arrecadação de Receitas Federais
Ministério da Fazenda 5ecretaria da Receita Federa1 do Brasi1
Vencimento [DATE] va1or tota1 [MONEY]
Contribuinte: Empresa Exemp1o 104 LTDA CNPJ [CNPJ]",DARF,GuiaPagamento,synthetic
"Estado do Rio Grande Do Sul
Vencimento [DATE] valor total [MONEY]
Autenticação bancária 00000.00000 11111.111111 22222.222222
Guia de Arrecadação - GA
Guia de Arrecadação
Contribuinte: Empresa Exemplo 104 LTDA CNPJ [CNPJ]
Identificação do sujeito passivo [CNPJ]",GARS,GuiaPagamento,synthetic
"Contribuinte: Empresa Exemplo 104 LTDA CNPJ [CNPJ]
Identificação do sujeito passivo [CNPJ]
Código de barras 85640000001234567890123456789012345678901234
ISSQN Imposto Sobre Serviços de Qualquer Natureza
Guia de recolhimento municipal
Prefeitura de Porto Alegre",ISSPoa,GuiaPagamento,synthetic
"DARF código da receita 2089
Documento de Arrecadação de Receitas Federais
Ministério da Fazenda Secretaria da Receita Federal do Brasil
Identificação do sujeito passivo [CNPJ]
Vencimento [DATE] valor total [MONEY]
Contribuinte: Empresa Exemplo 104 LTDA CNPJ [CNPJ]",DARF,GuiaPagamento,synthetic
"Quantidade 10 unidades descrição material de escritório
Contribuinte: Empresa Exemplo 104 LTDA CNPJ [CNPJ]
Pedido de compra ordem 4521
Identificação do sujeito passivo [CNPJ]
Autenticação bancária 00000.00000 11111.111111 22222.222222",Desconhecido,Desconhecido,synthetic
"GFD - Guia do FGTS Digital
Competência da guia FGTS Digital
Contribuinte: Empresa Exemplo 104 LTDA CNPJ [CNPJ]
Fundo de Garantia do Tempo de Serviço
Código de barras 85640000001234567890123456789012345678901234
Período de apuração [DATE] a [DATE]",FGTSDigital,GuiaPagamento,synthetic
"Documento de Arrecadação de Receitas Federais
Autenticação bancária 00000.00000 11111.111111 22222.222222
Contribuinte: Empresa Exemplo 104 LTDA CNPJ [CNPJ]
Código de barras 85640000001234567890123456789012345678901234
Ministério da Fazenda Secretaria da Receita Federal do Brasil
DARF código da receita 2089",DARF,GuiaPagamento,synthetic
"Documento de Arrecadação do Simples Nacional
Receita Federal do Brasil DAS
Período de apuração [DATE] a [DATE]
Programa Gerador do DAS
Código de barras 85640000001234567890123456789012345678901234
Vencimento [DATE] valor total [MONEY]",SimplesNacional,GuiaPagamento,synthetic
"As partes acima identificadas têm entre si justo e contratado
Período de apuração [DATE] a [DATE]
Contrato de prestação de serviços cláusula primeira
Autenticação bancária 00000.00000 11111.111111 22222.222222
Código de barras 85640000001234567890123456789012345678901234",Desconhecido,Desconhecido,synthetic
"Período de apuração [DATE] a [DATE]
Código de pagamento 2100
INSS Guia da Previdência Social GPS
Contribuinte: Empresa Exemplo 104 LTDA CNPJ [CNPJ]
Ministério da Previdência Social
Código de barras 85640000001234567890123456789012345678901234",GuiaGPS,GuiaPagamento,synthetic
"Código de barras 85640000001234567890123456789012345678901234
Documento de Arrecadação do Simples Nacional
Identificação do sujeito passivo [CNPJ]
Período de apuração [DATE] a [DATE]
Programa Gerador do DAS
Receita Federal do Brasil DAS",SimplesNacional,GuiaPagamento,synthetic
"Guia de recolhimento municipal
Prefeitura de Porto Alegre
Código de barras 85640000001234567890123456789012345678901234
Vencimento [DATE] valor total [MONEY]
ISSQN Imposto Sobre Serviços de Qualquer Natureza",ISSPoa,GuiaPagamento,synthetic
"EFD ICMS IPI número do recibo
Código de barras 85640000001234567890123456789012345678901234
Período de apuração [DATE] a [DATE]
Recibo de entrega de Escrituração Fiscal Digital
Sistema Público de Escrituração Digital SPED",SPEDFiscal,Recibo,synthetic
"Documento de Arrecadação de Receitas Federais
Contribuinte: Empresa Exemplo 104 LTDA CNPJ [CNPJ]
DARF código da receita 2089
Ministério da Fazenda Secretaria da Receita Federal do Brasil
Autenticação bancária 00000.00000 11111.111111 22222.222222",DARF,GuiaPagamento,synthetic
"1dentificação do sujeito passivo [CNPJ]
Fundo de Garantia do Tempo de 5erviço
GFD - Guia do FGT5 Digita1
Vencimento [DATE] va1or tota1 [MONEY]
Competência da guia FGT5 Digita1",FGTSDigital,GuiaPagamento,synthetic
"Contribuinte: Empresa Exemplo 104 LTDA CNPJ [CNPJ]
Adiantamento
Adiantamento Salarial
Vencimento [DATE] valor total [MONEY]
Autenticação bancária 00000.00000 11111.111111 22222.222222
Declaro ter recebido a importância líquida",Contracheque,Recibo,synthetic
"Autenticação bancária 00000.00000 11111.111111 22222.222222
Ministério da Fazenda Secretaria da Receita Federal do Brasil
Contribuinte: Empresa Exemplo 104 LTDA CNPJ [CNPJ]
Período de apuração [DATE] a [DATE]
Documento de Arrecadação de Receitas Federais
DARF código da receita 2089
Código de barras 85640000001234567890123456789012345678901234",DARF,GuiaPagamento,synthetic
"Documento de Arrecadação de Receitas Federais
Ministério da Fazenda Secretaria da Receita Federal do Brasil
Identificação do sujeito passivo [CNPJ]
DARF código da receita 2089
Código de barras 85640000001234567890123456789012345678901234
Período de apuração [DATE] a [DATE]",DARF,GuiaPagamento,synthetic
"Ministério da Previdência Social
Vencimento [DATE] valor total [MONEY]
Contribuinte: Empresa Exemplo 104 LTDA CNPJ [CNPJ]
Código de pagamento 2100
INSS Guia da Previdência Social GPS",GuiaGPS,GuiaPagamento,synthetic
"Adiantamento Salarial
Declaro ter recebido a importância líquida
Autenticação bancária 00000.00000 11111.111111 22222.222222
Período de apuração [DATE] a [DATE]
Adiantamento",Contracheque,Recibo,synthetic
"Vencimento [DATE] valor total [MONEY]
Código de barras 85640000001234567890123456789012345678901234
Fundo de Garantia do Tempo de Serviço
Competência da guia FGTS Digital
GFD - Guia do FGTS Digital
Contribuinte: Empresa Exemplo 104 LTDA CNPJ [CNPJ]",FGTSDigital,GuiaPagamento,synthetic
"Ata de reunião pauta 1 aprovação das contas
Presentes os sócios na sede da sociedade
Autenticação bancária 00000.00000 11111.111111 22222.222222
Código de barras 85640000001234567890123456789012345678901234",Desconhecido,Desconhecido,synthetic
"Guia de Arrecadação
Período de apuração [DATE] a [DATE]
Estado do Rio Grande Do Sul
Identificação do sujeito passivo [CNPJ]
Guia de Arrecadação - GA",GARS,GuiaPagamento,synthetic
"Identificação do sujeito passivo [CNPJ]
Contribuinte: Empresa Exemplo 104 LTDA CNPJ [CNPJ]
Ministério da Fazenda Secretaria da Receita Federal do Brasil
Código de barras 85640000001234567890123456789012345678901234
Vencimento [DATE] valor total [MONEY]
Documento de Arrecadação de Receitas Federais
DARF código da receita 2089",DARF,GuiaPagamento,synthetic
"Programa Gerador do DAS
Identificação do sujeito passivo [CNPJ]
Documento de Arrecadação do Simples Nacional
Receita Federal do Brasil DAS
Período de apuração [DATE] a [DATE]
Código de barras 85640000001234567890123456789012345678901234",SimplesNacional,GuiaPagamento,synthetic
"Sistema Público de Escrituração Digital SPED
Período de apuração [DATE] a [DATE]
EFD ICMS IPI número do recibo
Autenticação bancária 00000.00000 11111.111111 22222.222222
Recibo de entrega de Escrituração Fiscal Digital",SPEDFiscal,Recibo,synthetic
"Fundo de Garantia do Tempo de Serviço
GFD - Guia do FGTS Digital
Código de barras 85640000001234567890123456789012345678901234
Identificação do sujeito passivo [CNPJ]
Competência da guia FGTS Digital
Período de apuração [DATE] a [DATE]
Vencimento [DATE] valor total [MONEY]",FGTSDigital,GuiaPagamento,synthetic
"Código de barras 85640000001234567890123456789012345678901234
Período de apuração [DATE] a [DATE]
Adiantamento
Autenticação bancária 00000.00000 11111.111111 22222.222222
Declaro ter recebido a importância líquida
Adiantamento Salarial",Contracheque,Recibo,synthetic
"Receita Federal do Brasil DAS
Identificação do sujeito passivo [CNPJ]
Documento de Arrecadação do Simples Nacional
Programa Gerador do DAS
Código de barras 85640000001234567890123456789012345678901234",SimplesNacional,GuiaPagamento,synthetic
"Período de apuração [DATE] a [DATE]
Autenticação bancária 00000.00000 11111.111111 22222.222222
Guia de Arrecadação
Guia de Arrecadação - GA
Vencimento [DATE] va1or tota1 [MONEY]
1dentificação do sujeito passivo [CNPJ]
Estado do Rio Grande Do 5u1",GARS,GuiaPagamento,synthetic
"Demonstrativo de Resultado
Código de barras 85640000001234567890123456789012345678901234
Período de apuração [DATE] a [DATE]
Demonstração de Resultado",DREMensal,Relatorio,synthetic
"Identificação do sujeito passivo [CNPJ]
Demonstrativo de Resultado
Código de barras 85640000001234567890123456789012345678901234
Demonstração de Resultado
Período de apuração [DATE] a [DATE]",DREMensal,Relatorio,synthetic
"Identificação do sujeito passivo [CNPJ]
Receita Federal do Brasil DAS
Vencimento [DATE] valor total [MONEY]
Programa Gerador do DAS
Documento de Arrecadação do Simples Nacional",SimplesNacional,GuiaPagamento,synthetic
"Declaro ter recebido a importância líquida
Adiantamento
Vencimento [DATE] valor total [MONEY]
Código de barras 85640000001234567890123456789012345678901234
Adiantamento Salarial
Contribuinte: Empresa Exemplo 104 LTDA CNPJ [CNPJ]",Contracheque,Recibo,synthetic
"Contribuinte: Empresa Exemplo 104 LTDA CNPJ [CNPJ]
Adiantamento
Autenticação bancária 00000.00000 11111.111111 22222.222222
Identificação do sujeito passivo [CNPJ]
Declaro ter recebido a importância líquida
Vencimento [DATE] valor total [MONEY]
Adiantamento Salarial",Contracheque,Recibo,synthetic
"Identificação do sujeito passivo [CNPJ]
Guia de recolhimento municipal
Contribuinte: Empresa Exemplo 104 LTDA CNPJ [CNPJ]
Prefeitura de Porto Alegre
Período de apuração [DATE] a [DATE]
ISSQN Imposto Sobre Serviços de Qualquer Natureza
Vencimento [DATE] valor total [MONEY]",ISSPoa,GuiaPagamento,synthetic
"Contribuinte: Empresa Exemplo 104 LTDA CNPJ [CNPJ]
Quantidade 10 unidades descrição material de escritório
Autenticação bancária 00000.00000 11111.111111 22222.222222
Período de apuração [DATE] a [DATE]
Pedido de compra ordem 4521
Identificação do sujeito passivo [CNPJ]",Desconhecido,Desconhecido,synthetic
"Período de apuração [DATE] a [DATE]
Estado do Rio Grande Do Sul
Guia de Arrecadação
Contribuinte: Empresa Exemplo 104 LTDA CNPJ [CNPJ]
Código de barras 85640000001234567890123456789012345678901234
Guia de Arrecadação - GA
Autenticação bancária 00000.00000 11111.111111 22222.222222",GARS,GuiaPagamento,synthetic
"Autenticação bancária 00000.00000 11111.111111 22222.222222
Código de barras 85640000001234567890123456789012345678901234
Programa Gerador do DAS
Documento de Arrecadação do Simples Nacional
Identificação do sujeito passivo [CNPJ]
Receita Federal do Brasil DAS
Vencimento [DATE] valor total [MONEY]",SimplesNacional,GuiaPagamento,synthetic
"1dentificação do sujeito passivo [CNPJ]
Presentes os sócios na sede da sociedade
Código de barras 85640000001234567890123456789012345678901234
Vencimento [DATE] va1or tota1 [MONEY]
Ata de reunião pauta 1 aprovação das contas",Desconhecido,Desconhecido,synthetic
"Contribuinte: Empresa Exemp1o 104 LTDA CNPJ [CNPJ]
Período de apuração [DATE] a [DATE]
Presentes os sócios na sede da sociedade
Ata de reunião pauta 1 aprovação das contas
Código de barras 85640000001234567890123456789012345678901234",Desconhecido,Desconhecido,synthetic
"Autenticação bancária 00000.00000 11111.111111 22222.222222
Sistema Público de Escrituração Digital SPED
Identificação do sujeito passivo [CNPJ]
Contribuinte: Empresa Exemplo 104 LTDA CNPJ [CNPJ]
Vencimento [DATE] valor total [MONEY]
Recibo de entrega de Escrituração Fiscal Digital
EFD ICMS IPI número do recibo",SPEDFiscal,Recibo,synthetic
"IRRF - Rendimento do trabalho assalariado DCTFWeb
Documento de Arrecadação de Receitas Federais
Contribuinte: Empresa Exemplo 104 LTDA CNPJ [CNPJ]
Contribuição previdenciária CONTRPREV
Código de barras 85640000001234567890123456789012345678901234",DCTFWEB,GuiaPagamento,synthetic
"Identificação do sujeito passivo [CNPJ]
Contribuinte: Empresa Exemplo 104 LTDA CNPJ [CNPJ]
Demonstrativo de Resultado
Autenticação bancária 00000.00000 11111.111111 22222.222222
Código de barras 85640000001234567890123456789012345678901234
Demonstração de Resultado",DREMensal,Relatorio,synthetic
"Prefeitura de Porto Alegre
Período de apuração [DATE] a [DATE]
Vencimento [DATE] valor total [MONEY]
ISSQN Imposto Sobre Serviços de Qualquer Natureza
Identificação do sujeito passivo [CNPJ]
Guia de recolhimento municipal",ISSPoa,GuiaPagamento,synthetic
"1N55 Guia da Previdência 5ocia1 GP5
Autenticação bancária 00000.00000 11111.111111 22222.222222
Período de apuração [DATE] a [DATE]
Ministério da Previdência 5ocia1
1dentificação do sujeito passivo [CNPJ]
Código de pagamento 2100
Código de barras 85640000001234567890123456789012345678901234",GuiaGPS,GuiaPagamento,synthetic
"1dentificação do sujeito passivo [CNPJ]
Código de barras 85640000001234567890123456789012345678901234
Código de pagamento 2100
1N55 Guia da Previdência 5ocia1 GP5
Ministério da Previdência 5ocia1",GuiaGPS,GuiaPagamento,synthetic
"Código de barras 85640000001234567890123456789012345678901234
1dentificação do sujeito passivo [CNPJ]
Documento de Arrecadação do 5imp1es Naciona1
Autenticação bancária 00000.00000 11111.111111 22222.222222
Período de apuração [DATE] a [DATE]
Receita Federa1 do Brasi1 DA5
Programa Gerador do DA5",SimplesNacional,GuiaPagamento,synthetic
"Vencimento [DATE] valor total [MONEY]
Contribuinte: Empresa Exemplo 104 LTDA CNPJ [CNPJ]
Código de barras 85640000001234567890123456789012345678901234
Autenticação bancária 00000.00000 11111.111111 22222.222222
Prefeitura de Porto Alegre
ISSQN Imposto Sobre Serviços de Qualquer Natureza
Guia de recolhimento municipal",ISSPoa,GuiaPagamento,synthetic
"Demonstração de Resultado
Período de apuração [DATE] a [DATE]
Demonstrativo de Resultado
Identificação do sujeito passivo [CNPJ]",DREMensal,Relatorio,synthetic
"Código de pagamento 2100
INSS Guia da Previdência Social GPS
Identificação do sujeito passivo [CNPJ]
Ministério da Previdência Social
Contribuinte: Empresa Exemplo 104 LTDA CNPJ [CNPJ]",GuiaGPS,GuiaPagamento,synthetic
"Estado do Rio Grande Do Sul
Código de barras 85640000001234567890123456789012345678901234
Guia de Arrecadação - GA
Guia de Arrecadação
Período de apuração [DATE] a [DATE]",GARS,GuiaPagamento,synthetic
"Identificação do sujeito passivo [CNPJ]
Contribuinte: Empresa Exemplo 104 LTDA CNPJ [CNPJ]
GFD - Guia do FGTS Digital
Competência da guia FGTS Digital
Fundo de Garantia do Tempo de Serviço",FGTSDigital,GuiaPagamento,synthetic
"Programa Gerador do DAS
Receita Federal do Brasil DAS
Vencimento [DATE] valor total [MONEY]
Documento de Arrecadação do Simples Nacional
Código de barras 85640000001234567890123456789012345678901234
Identificação do sujeito passivo [CNPJ]",SimplesNacional,GuiaPagamento,synthetic
"Guia de Arrecadação - GA
Identificação do sujeito passivo [CNPJ]
Período de apuração [DATE] a [DATE]
Guia de Arrecadação
Contribuinte: Empresa Exemplo 104 LTDA CNPJ [CNPJ]
Estado do Rio Grande Do Sul
Vencimento [DATE] valor total [MONEY]",GARS,GuiaPagamento,synthetic
"Documento de Arrecadação de Receitas Federais
Código de barras 85640000001234567890123456789012345678901234
Vencimento [DATE] valor total [MONEY]
Período de apuração [DATE] a [DATE]
Contribuição previdenciária CONTRPREV
IRRF - Rendimento do trabalho assalariado DCTFWeb
Identificação do sujeito passivo [CNPJ]",DCTFWEB,GuiaPagamento,synthetic
"Vencimento [DATE] valor total [MONEY]
Identificação do sujeito passivo [CNPJ]
Documento de Arrecadação de Receitas Federais
Período de apuração [DATE] a [DATE]
Contribuição previdenciária CONTRPREV
IRRF - Rendimento do trabalho assalariado DCTFWeb
Código de barras 85640000001234567890123456789012345678901234",DCTFWEB,GuiaPagamento,synthetic
"Estado do Rio Grande Do Sul
Guia de Arrecadação - GA
Período de apuração [DATE] a [DATE]
Identificação do sujeito passivo [CNPJ]
Guia de Arrecadação
Código de barras 85640000001234567890123456789012345678901234",GARS,GuiaPagamento,synthetic
"Guia de Arrecadação - GA
Identificação do sujeito passivo [CNPJ]
Guia de Arrecadação
Estado do Rio Grande Do Sul
Autenticação bancária 00000.00000 11111.111111 22222.222222
Contribuinte: Empresa Exemplo 104 LTDA CNPJ [CNPJ]",GARS,GuiaPagamento,synthetic
"Código de barras 85640000001234567890123456789012345678901234
Identificação do sujeito passivo [CNPJ]
Período de apuração [DATE] a [DATE]
Autenticação bancária 00000.00000 11111.111111 22222.222222
Ata de reunião pauta 1 aprovação das contas
Presentes os sócios na sede da sociedade",Desconhecido,Desconhecido,synthetic
"Vencimento [DATE] valor total [MONEY]
Documento de Arrecadação de Receitas Federais
Período de apuração [DATE] a [DATE]
Contribuição previdenciária CONTRPREV
IRRF - Rendimento do trabalho assalariado DCTFWeb",DCTFWEB,GuiaPagamento,synthetic
"Programa Gerador do DAS
Documento de Arrecadação do Simples Nacional
Vencimento [DATE] valor total [MONEY]
Código de barras 85640000001234567890123456789012345678901234
Receita Federal do Brasil DAS",SimplesNacional,GuiaPagamento,synthetic
"DARF código da receita 2089
Período de apuração [DATE] a [DATE]
Ministério da Fazenda 5ecretaria da Receita Federa1 do Brasi1
Vencimento [DATE] va1or tota1 [MONEY]
Contribuinte: Empresa Exemp1o 104 LTDA CNPJ [CNPJ]
Documento de Arrecadação de Receitas Federais
Autenticação bancária 00000.00000 11111.111111 22222.222222",DARF,GuiaPagamento,synthetic
"Guia de Arrecadação - GA
Vencimento [DATE] valor total [MONEY]
Identificação do sujeito passivo [CNPJ]
Guia de Arrecadação
Autenticação bancária 00000.00000 11111.111111 22222.222222
Estado do Rio Grande Do Sul",GARS,GuiaPagamento,synthetic
"Ministério da Previdência Social
Contribuinte: Empresa Exemplo 104 LTDA CNPJ [CNPJ]
Código de pagamento 2100
Período de apuração [DATE] a [DATE]
Vencimento [DATE] valor total [MONEY]
INSS Guia da Previdência Social GPS
Identificação do sujeito passivo [CNPJ]",GuiaGPS,GuiaPagamento,synthetic
"Sistema Público de Escrituração Digital SPED
Código de barras 85640000001234567890123456789012345678901234
Período de apuração [DATE] a [DATE]
Contribuinte: Empresa Exemplo 104 LTDA CNPJ [CNPJ]
EFD ICMS IPI número do recibo
Recibo de entrega de Escrituração Fiscal Digital
Vencimento [DATE] valor total [MONEY]",SPEDFiscal,Recibo,synthetic
"Código de barras 85640000001234567890123456789012345678901234
Identificação do sujeito passivo [CNPJ]
DARF código da receita 2089
Documento de Arrecadação de Receitas Federais
Autenticação bancária 00000.00000 11111.111111 22222.222222
Vencimento [DATE] valor total [MONEY]
Ministério da Fazenda Secretaria da Receita Federal do Brasil",DARF,GuiaPagamento,synthetic
"Vencimento [DATE] valor total [MONEY]
Demonstração de Resultado
Demonstrativo de Resultado
Período de apuração [DATE] a [DATE]
Contribuinte: Empresa Exemplo 104 LTDA CNPJ [CNPJ]",DREMensal,Relatorio,synthetic
"Contribuinte: Empresa Exemplo 104 LTDA CNPJ [CNPJ]
Guia de recolhimento municipal
Vencimento [DATE] valor total [MONEY]
ISSQN Imposto Sobre Serviços de Qualquer Natureza
Período de apuração [DATE] a [DATE]
Prefeitura de Porto Alegre",ISSPoa,GuiaPagamento,synthetic
"Período de apuração [DATE] a [DATE]
Vencimento [DATE] va1or tota1 [MONEY]
Presentes os sócios na sede da sociedade
Código de barras 85640000001234567890123456789012345678901234
Ata de reunião pauta 1 aprovação das contas
1dentificação do sujeito passivo [CNPJ]",Desconhecido,Desconhecido,synthetic
"Demonstração de Resultado
Demonstrativo de Resultado
Período de apuração [DATE] a [DATE]
Contribuinte: Empresa Exemplo 104 LTDA CNPJ [CNPJ]",DREMensal,Relatorio,synthetic
"Identificação do sujeito passivo [CNPJ]
Código de barras 85640000001234567890123456789012345678901234
Demonstração de Resultado
Contribuinte: Empresa Exemplo 104 LTDA CNPJ [CNPJ]
Demonstrativo de Resultado",DREMensal,Relatorio,synthetic
"EFD ICMS IPI número do recibo
Vencimento [DATE] valor total [MONEY]
Sistema Público de Escrituração Digital SPED
Recibo de entrega de Escrituração Fiscal Digital
Autenticação bancária 00000.00000 11111.111111 22222.222222
Período de apuração [DATE] a [DATE]",SPEDFiscal,Recibo,synthetic
"Documento de Arrecadação de Receitas Federais
DARF código da receita 2089
Ministério da Fazenda Secretaria da Receita Federal do Brasil
Contribuinte: Empresa Exemplo 104 LTDA CNPJ [CNPJ]
Período de apuração [DATE] a [DATE]
Código de barras 85640000001234567890123456789012345678901234",DARF,GuiaPagamento,synthetic
"ISSQN Imposto Sobre Serviços de Qualquer Natureza
Código de barras 85640000001234567890123456789012345678901234
Guia de recolhimento municipal
Identificação do sujeito passivo [CNPJ]
Prefeitura de Porto Alegre
Autenticação bancária 00000.00000 11111.111111 22222.222222",ISSPoa,GuiaPagamento,synthetic
"Recibo de entrega de Escrituração Fiscal Digital
Sistema Público de Escrituração Digital SPED
Período de apuração [DATE] a [DATE]
EFD ICMS IPI número do recibo
Vencimento [DATE] valor total [MONEY]",SPEDFiscal,Recibo,synthetic
"Vencimento [DATE] valor total [MONEY]
Contrato de prestação de serviços cláusula primeira
As partes acima identificadas têm entre si justo e contratado
Identificação do sujeito passivo [CNPJ]
Período de apuração [DATE] a [DATE]",Desconhecido,Desconhecido,synthetic
"Presentes os sócios na sede da sociedade
Vencimento [DATE] valor total [MONEY]
Contribuinte: Empresa Exemplo 104 LTDA CNPJ [CNPJ]
Ata de reunião pauta 1 aprovação das contas
Autenticação bancária 00000.00000 11111.111111 22222.222222",Desconhecido,Desconhecido,synthetic
"Identificação do sujeito passivo [CNPJ]
Contribuinte: Empresa Exemplo 104 LTDA CNPJ [CNPJ]
Pedido de compra ordem 4521
Quantidade 10 unidades descrição material de escritório",Desconhecido,Desconhecido,synthetic
"1dentificação do sujeito passivo [CNPJ]
Contribuinte: Empresa Exemp1o 104 LTDA CNPJ [CNPJ]
Vencimento [DATE] va1or tota1 [MONEY]
Ministério da Fazenda 5ecretaria da Receita Federa1 do Brasi1
Documento de Arrecadação de Receitas Federais
DARF código da receita 2089
Autenticação bancária 00000.00000 11111.111111 22222.222222",DARF,GuiaPagamento,synthetic
"Contribuição previdenciária CONTRPREV
Vencimento [DATE] valor total [MONEY]
Documento de Arrecadação de Receitas Federais
Código de barras 85640000001234567890123456789012345678901234
IRRF - Rendimento do trabalho assalariado DCTFWeb
Identificação do sujeito passivo [CNPJ]",DCTFWEB,GuiaPagamento,synthetic
"Adiantamento
Autenticação bancária 00000.00000 11111.111111 22222.222222
Declaro ter recebido a importância líquida
Adiantamento Salarial
Vencimento [DATE] valor total [MONEY]",Contracheque,Recibo,synthetic
"Boleto de contribuição assistencial
Cedente sindicato código do beneficiário
Sindicato dos empregados contribuição confederativa
Autenticação bancária 00000.00000 11111.111111 22222.222222
Contribuinte: Empresa Exemplo 104 LTDA CNPJ [CNPJ]",BoletoSindicato,GuiaPagamento,synthetic
"Guia de Arrecadação
Guia de Arrecadação - GA
Código de barras 85640000001234567890123456789012345678901234
Identificação do sujeito passivo [CNPJ]
Estado do Rio Grande Do Sul",GARS,GuiaPagamento,synthetic
"Ministério da Previdência Social
INSS Guia da Previdência Social GPS
Código de pagamento 2100
Autenticação bancária 00000.00000 11111.111111 22222.222222
Código de barras 85640000001234567890123456789012345678901234",GuiaGPS,GuiaPagamento,synthetic
"Período de apuração [DATE] a [DATE]
Receita Federal do Brasil DAS
Autenticação bancária 00000.00000 11111.111111 22222.222222
Documento de Arrecadação do Simples Nacional
Programa Gerador do DAS
Código de barras 85640000001234567890123456789012345678901234
Vencimento [DATE] valor total [MONEY]",SimplesNacional,GuiaPagamento,synthetic
"GFD - Guia do FGTS Digital
Período de apuração [DATE] a [DATE]
Fundo de Garantia do Tempo de Serviço
Contribuinte: Empresa Exemplo 104 LTDA CNPJ [CNPJ]
Autenticação bancária 00000.00000 11111.111111 22222.222222
Competência da guia FGTS Digital",FGTSDigital,GuiaPagamento,synthetic
"Demonstração de Resu1tado
Demonstrativo de Resu1tado
Código de barras 85640000001234567890123456789012345678901234
Vencimento [DATE] va1or tota1 [MONEY]
Autenticação bancária 00000.00000 11111.111111 22222.222222",DREMensal,Relatorio,synthetic
"Contribuinte: Empresa Exemplo 104 LTDA CNPJ [CNPJ]
Demonstração de Resultado
Código de barras 85640000001234567890123456789012345678901234
Demonstrativo de Resultado",DREMensal,Relatorio,synthetic
"Estado do Rio Grande Do Sul
Identificação do sujeito passivo [CNPJ]
Guia de Arrecadação
Guia de Arrecadação - GA
Contribuinte: Empresa Exemplo 104 LTDA CNPJ [CNPJ]",GARS,GuiaPagamento,synthetic
"Competência da guia FGTS Digital
Fundo de Garantia do Tempo de Serviço
Autenticação bancária 00000.00000 11111.111111 22222.222222
GFD - Guia do FGTS Digital
Contribuinte: Empresa Exemplo 104 LTDA CNPJ [CNPJ]",FGTSDigital,GuiaPagamento,synthetic
"Identificação do sujeito passivo [CNPJ]
Código de barras 85640000001234567890123456789012345678901234
Fundo de Garantia do Tempo de Serviço
GFD - Guia do FGTS Digital
Competência da guia FGTS Digital",FGTSDigital,GuiaPagamento,synthetic
"Período de apuração [DATE] a [DATE]
Código de pagamento 2100
Contribuinte: Empresa Exemplo 104 LTDA CNPJ [CNPJ]
Identificação do sujeito passivo [CNPJ]
Ministério da Previdência Social
INSS Guia da Previdência Social GPS",GuiaGPS,GuiaPagamento,synthetic
"Código de pagamento 2100
Código de barras 85640000001234567890123456789012345678901234
Autenticação bancária 00000.00000 11111.111111 22222.222222
INSS Guia da Previdência Social GPS
Período de apuração [DATE] a [DATE]
Ministério da Previdência Social
Contribuinte: Empresa Exemplo 104 LTDA CNPJ [CNPJ]",GuiaGPS,GuiaPagamento,synthetic
"Autenticação bancária 00000.00000 11111.111111 22222.222222
INSS Guia da Previdência Social GPS
Vencimento [DATE] valor total [MONEY]
Ministério da Previdência Social
Código de pagamento 2100",GuiaGPS,GuiaPagamento,synthetic
"Código de barras 85640000001234567890123456789012345678901234
Contribuinte: Empresa Exemplo 104 LTDA CNPJ [CNPJ]
Vencimento [DATE] valor total [MONEY]
GFD - Guia do FGTS Digital
Fundo de Garantia do Tempo de Serviço
Competência da guia FGTS Digital",FGTSDigital,GuiaPagamento,synthetic
"Demonstração de Resultado
Contribuinte: Empresa Exemplo 104 LTDA CNPJ [CNPJ]
Autenticação bancária 00000.00000 11111.111111 22222.222222
Vencimento [DATE] valor total [MONEY]
Demonstrativo de Resultado",DREMensal,Relatorio,synthetic
"Competência da guia FGTS Digital
Autenticação bancária 00000.00000 11111.111111 22222.222222
Vencimento [DATE] valor total [MONEY]
GFD - Guia do FGTS Digital
Fundo de Garantia do Tempo de Serviço",FGTSDigital,GuiaPagamento,synthetic
"Período de apuração [DATE] a [DATE]
Contribuinte: Empresa Exemplo 104 LTDA CNPJ [CNPJ]
Estado do Rio Grande Do Sul
Guia de Arrecadação
Guia de Arrecadação - GA
Identificação do sujeito passivo [CNPJ]",GARS,GuiaPagamento,synthetic
"Código de barras 85640000001234567890123456789012345678901234
Contribuinte: Empresa Exemplo 104 LTDA CNPJ [CNPJ]
Presentes os sócios na sede da sociedade
Ata de reunião pauta 1 aprovação das contas",Desconhecido,Desconhecido,synthetic
"Identificação do sujeito passivo [CNPJ]
As partes acima identificadas têm entre si justo e contratado
Contrato de prestação de serviços cláusula primeira
Código de barras 85640000001234567890123456789012345678901234
Contribuinte: Empresa Exemplo 104 LTDA CNPJ [CNPJ]",Desconhecido,Desconhecido,synthetic
"Presentes os sócios na sede da sociedade
Identificação do sujeito passivo [CNPJ]
Código de barras 85640000001234567890123456789012345678901234
Autenticação bancária 00000.00000 11111.111111 22222.222222
Ata de reunião pauta 1 aprovação das contas",Desconhecido,Desconhecido,synthetic
"Período de apuração [DATE] a [DATE]
EFD ICMS IPI número do recibo
Sistema Público de Escrituração Digital SPED
Recibo de entrega de Escrituração Fiscal Digital
Identificação do sujeito passivo [CNPJ]",SPEDFiscal,Recibo,synthetic
"Identificação do sujeito passivo [CNPJ]
Autenticação bancária 00000.00000 11111.111111 22222.222222
Sistema Público de Escrituração Digital SPED
Recibo de entrega de Escrituração Fiscal Digital
EFD ICMS IPI número do recibo",SPEDFiscal,Recibo,synthetic
"EFD ICMS IPI número do recibo
Sistema Público de Escrituração Digital SPED
Recibo de entrega de Escrituração Fiscal Digital
Identificação do sujeito passivo [CNPJ]
Período de apuração [DATE] a [DATE]",SPEDFiscal,Recibo,synthetic
"GFD - Guia do FGTS Digital
Competência da guia FGTS Digital
Contribuinte: Empresa Exemplo 104 LTDA CNPJ [CNPJ]
Vencimento [DATE] valor total [MONEY]
Fundo de Garantia do Tempo de Serviço
Código de barras 85640000001234567890123456789012345678901234",FGTSDigital,GuiaPagamento,synthetic
"Identificação do sujeito passivo [CNPJ]
Autenticação bancária 00000.00000 11111.111111 22222.222222
Receita Federal do Brasil DAS
Período de apuração [DATE] a [DATE]
Documento de Arrecadação do Simples Nacional
Programa Gerador do DAS",SimplesNacional,GuiaPagamento,synthetic
"Código de barras 85640000001234567890123456789012345678901234
Autenticação bancária 00000.00000 11111.111111 22222.222222
Vencimento [DATE] valor total [MONEY]
Guia de Arrecadação
Contribuinte: Empresa Exemplo 104 LTDA CNPJ [CNPJ]
Guia de Arrecadação - GA
Estado do Rio Grande Do Sul",GARS,GuiaPagamento,synthetic
"Vencimento [DATE] valor total [MONEY]
Código de barras 85640000001234567890123456789012345678901234
Demonstração de Resultado
Demonstrativo de Resultado",DREMensal,Relatorio,synthetic
"Identificação do sujeito passivo [CNPJ]
Programa Gerador do DAS
Período de apuração [DATE] a [DATE]
Documento de Arrecadação do Simples Nacional
Receita Federal do Brasil DAS",SimplesNacional,GuiaPagamento,synthetic
"Período de apuração [DATE] a [DATE]
Código de barras 85640000001234567890123456789012345678901234
Documento de Arrecadação do Simples Nacional
Programa Gerador do DAS
Receita Federal do Brasil DAS",SimplesNacional,GuiaPagamento,synthetic
"Guia de Arrecadação - GA
Período de apuração [DATE] a [DATE]
Vencimento [DATE] va1or tota1 [MONEY]
Estado do Rio Grande Do 5u1
Guia de Arrecadação",GARS,GuiaPagamento,synthetic
"Ministério da Fazenda Secretaria da Receita Federal do Brasil
DARF código da receita 2089
Documento de Arrecadação de Receitas Federais
Identificação do sujeito passivo [CNPJ]
Código de barras 85640000001234567890123456789012345678901234
Autenticação bancária 00000.00000 11111.111111 22222.222222
Contribuinte: Empresa Exemplo 104 LTDA CNPJ [CNPJ]",DARF,GuiaPagamento,synthetic
"Demonstrativo de Resultado
Período de apuração [DATE] a [DATE]
Contribuinte: Empresa Exemplo 104 LTDA CNPJ [CNPJ]
Identificação do sujeito passivo [CNPJ]
Demonstração de Resultado",DREMensal,Relatorio,synthetic
"Cedente sindicato código do beneficiário
5indicato dos empregados contribuição confederativa
Vencimento [DATE] va1or tota1 [MONEY]
Autenticação bancária 00000.00000 11111.111111 22222.222222
Bo1eto de contribuição assistencia1
Código de barras 85640000001234567890123456789012345678901234",BoletoSindicato,GuiaPagamento,synthetic
"Período de apuração [DATE] a [DATE]
EFD ICMS IPI número do recibo
Sistema Público de Escrituração Digital SPED
Código de barras 85640000001234567890123456789012345678901234
Contribuinte: Empresa Exemplo 104 LTDA CNPJ [CNPJ]
Recibo de entrega de Escrituração Fiscal Digital",SPEDFiscal,Recibo,synthetic
"Autenticação bancária 00000.00000 11111.111111 22222.222222
Adiantamento Salarial
Adiantamento
Identificação do sujeito passivo [CNPJ]
Declaro ter recebido a importância líquida
Código de barras 85640000001234567890123456789012345678901234",Contracheque,Recibo,synthetic
"GFD - Guia do FGTS Digital
Autenticação bancária 00000.00000 11111.111111 22222.222222
Fundo de Garantia do Tempo de Serviço
Vencimento [DATE] valor total [MONEY]
Identificação do sujeito passivo [CNPJ]
Contribuinte: Empresa Exemplo 104 LTDA CNPJ [CNPJ]
Competência da guia FGTS Digital",FGTSDigital,GuiaPagamento,synthetic
"Código de barras 85640000001234567890123456789012345678901234
Ministério da Previdência Social
INSS Guia da Previdência Social GPS
Contribuinte: Empresa Exemplo 104 LTDA CNPJ [CNPJ]
Período de apuração [DATE] a [DATE]
Código de pagamento 2100",GuiaGPS,GuiaPagamento,synthetic
"Vencimento [DATE] valor total [MONEY]
Ministério da Fazenda Secretaria da Receita Federal do Brasil
DARF código da receita 2089
Documento de Arrecadação de Receitas Federais
Contribuinte: Empresa Exemplo 104 LTDA CNPJ [CNPJ]",DARF,GuiaPagamento,synthetic
"Ministério da Previdência Social
Contribuinte: Empresa Exemplo 104 LTDA CNPJ [CNPJ]
INSS Guia da Previdência Social GPS
Vencimento [DATE] valor total [MONEY]
Código de barras 85640000001234567890123456789012345678901234
Código de pagamento 2100
Período de apuração [DATE] a [DATE]",GuiaGPS,GuiaPagamento,synthetic
"Ministério da Previdência Social
Vencimento [DATE] valor total [MONEY]
INSS Guia da Previdência Social GPS
Identificação do sujeito passivo [CNPJ]
Código de pagamento 2100",GuiaGPS,GuiaPagamento,synthetic
"Código de barras 85640000001234567890123456789012345678901234
Período de apuração [DATE] a [DATE]
Autenticação bancária 00000.00000 11111.111111 22222.222222
Sistema Público de Escrituração Digital SPED
Recibo de entrega de Escrituração Fiscal Digital
Vencimento [DATE] valor total [MONEY]
EFD ICMS IPI número do recibo",SPEDFiscal,Recibo,synthetic
"Sindicato dos empregados contribuição confederativa
Cedente sindicato código do beneficiário
Contribuinte: Empresa Exemplo 104 LTDA CNPJ [CNPJ]
Boleto de contribuição assistencial
Autenticação bancária 00000.00000 11111.111111 22222.222222",BoletoSindicato,GuiaPagamento,synthetic
"Código de barras 85640000001234567890123456789012345678901234
EFD ICMS IPI número do recibo
Identificação do sujeito passivo [CNPJ]
Contribuinte: Empresa Exemplo 104 LTDA CNPJ [CNPJ]
Recibo de entrega de Escrituração Fiscal Digital
Sistema Público de Escrituração Digital SPED",SPEDFiscal,Recibo,synthetic
"Período de apuração [DATE] a [DATE]
DARF código da receita 2089
Ministério da Fazenda Secretaria da Receita Federal do Brasil
Autenticação bancária 00000.00000 11111.111111 22222.222222
Identificação do sujeito passivo [CNPJ]
Contribuinte: Empresa Exemplo 104 LTDA CNPJ [CNPJ]
Documento de Arrecadação de Receitas Federais",DARF,GuiaPagamento,synthetic
"Estado do Rio Grande Do Sul
Período de apuração [DATE] a [DATE]
Código de barras 85640000001234567890123456789012345678901234
Guia de Arrecadação - GA
Identificação do sujeito passivo [CNPJ]
Vencimento [DATE] valor total [MONEY]
Guia de Arrecadação",GARS,GuiaPagamento,synthetic
"Contribuinte: Empresa Exemp1o 104 LTDA CNPJ [CNPJ]
Autenticação bancária 00000.00000 11111.111111 22222.222222
Bo1eto de contribuição assistencia1
5indicato dos empregados contribuição confederativa
1dentificação do sujeito passivo [CNPJ]
Código de barras 85640000001234567890123456789012345678901234
Cedente sindicato código do beneficiário",BoletoSindicato,GuiaPagamento,synthetic
"Vencimento [DATE] valor total [MONEY]
Contribuinte: Empresa Exemplo 104 LTDA CNPJ [CNPJ]
Declaro ter recebido a importância líquida
Adiantamento
Identificação do sujeito passivo [CNPJ]
Código de barras 85640000001234567890123456789012345678901234
Adiantamento Salarial",Contracheque,Recibo,synthetic
"Período de apuração [DATE] a [DATE]
Declaro ter recebido a importância líquida
Autenticação bancária 00000.00000 11111.111111 22222.222222
Identificação do sujeito passivo [CNPJ]
Adiantamento Salarial
Adiantamento
Contribuinte: Empresa Exemplo 104 LTDA CNPJ [CNPJ]",Contracheque,Recibo,synthetic
"Guia de Arrecadação - GA
Vencimento [DATE] valor total [MONEY]
Código de barras 85640000001234567890123456789012345678901234
Guia de Arrecadação
Contribuinte: Empresa Exemplo 104 LTDA CNPJ [CNPJ]
Autenticação bancária 00000.00000 11111.111111 22222.222222
Estado do Rio Grande Do Sul",GARS,GuiaPagamento,synthetic
"Contribuição previdenciária CONTRPREV
Documento de Arrecadação de Receitas Federais
Código de barras 85640000001234567890123456789012345678901234
IRRF - Rendimento do trabalho assalariado DCTFWeb
Autenticação bancária 00000.00000 11111.111111 22222.222222
Vencimento [DATE] valor total [MONEY]",DCTFWEB,GuiaPagamento,synthetic
"Demonstração de Resultado
Demonstrativo de Resultado
Período de apuração [DATE] a [DATE]
Identificação do sujeito passivo [CNPJ]",DREMensal,Relatorio,synthetic
"Vencimento [DATE] va1or tota1 [MONEY]
Guia de Arrecadação
Contribuinte: Empresa Exemp1o 104 LTDA CNPJ [CNPJ]
Estado do Rio Grande Do 5u1
Guia de Arrecadação - GA",GARS,GuiaPagamento,synthetic
"Recibo de entrega de Escrituração Fisca1 Digita1
1dentificação do sujeito passivo [CNPJ]
5istema Púb1ico de Escrituração Digita1 5PED
EFD 1CM5 1P1 número do recibo
Código de barras 85640000001234567890123456789012345678901234
Contribuinte: Empresa Exemp1o 104 LTDA CNPJ [CNPJ]
Vencimento [DATE] va1or tota1 [MONEY]",SPEDFiscal,Recibo,synthetic
"Documento de Arrecadação do Simples Nacional
Código de barras 85640000001234567890123456789012345678901234
Programa Gerador do DAS
Receita Federal do Brasil DAS
Identificação do sujeito passivo [CNPJ]
Autenticação bancária 00000.00000 11111.111111 22222.222222",SimplesNacional,GuiaPagamento,synthetic
"Documento de Arrecadação do Simples Nacional
Programa Gerador do DAS
Período de apuração [DATE] a [DATE]
Receita Federal do Brasil DAS
Identificação do sujeito passivo [CNPJ]",SimplesNacional,GuiaPagamento,synthetic
"Código de barras 85640000001234567890123456789012345678901234
INSS Guia da Previdência Social GPS
Autenticação bancária 00000.00000 11111.111111 22222.222222
Vencimento [DATE] valor total [MONEY]
Período de apuração [DATE] a [DATE]
Código de pagamento 2100
Ministério da Previdência Social",GuiaGPS,GuiaPagamento,synthetic
"Período de apuração [DATE] a [DATE]
Documento de Arrecadação de Receitas Federais
IRRF - Rendimento do trabalho assalariado DCTFWeb
Identificação do sujeito passivo [CNPJ]
Contribuição previdenciária CONTRPREV",DCTFWEB,GuiaPagamento,synthetic
"Período de apuração [DATE] a [DATE]
Código de barras 85640000001234567890123456789012345678901234
Vencimento [DATE] valor total [MONEY]
Autenticação bancária 00000.00000 11111.111111 22222.222222
Sindicato dos empregados contribuição confederativa
Cedente sindicato código do beneficiário
Boleto de contribuição assistencial",BoletoSindicato,GuiaPagamento,synthetic
"Identificação do sujeito passivo [CNPJ]
Sindicato dos empregados contribuição confederativa
Vencimento [DATE] valor total [MONEY]
Boleto de contribuição assistencial
Período de apuração [DATE] a [DATE]
Cedente sindicato código do beneficiário",BoletoSindicato,GuiaPagamento,synthetic
"Autenticação bancária 00000.00000 11111.111111 22222.222222
155QN 1mposto 5obre 5erviços de Qua1quer Natureza
Guia de reco1himento municipa1
1dentificação do sujeito passivo [CNPJ]
Contribuinte: Empresa Exemp1o 104 LTDA CNPJ [CNPJ]
Prefeitura de Porto A1egre",ISSPoa,GuiaPagamento,synthetic
"Demonstração de Resultado
Identificação do sujeito passivo [CNPJ]
Demonstrativo de Resultado
Autenticação bancária 00000.00000 11111.111111 22222.222222
Código de barras 85640000001234567890123456789012345678901234",DREMensal,Relatorio,synthetic
"Contribuinte: Empresa Exemplo 104 LTDA CNPJ [CNPJ]
Autenticação bancária 00000.00000 11111.111111 22222.222222
Estado do Rio Grande Do Sul
Guia de Arrecadação - GA
Guia de Arrecadação
Identificação do sujeito passivo [CNPJ]",GARS,GuiaPagamento,synthetic
"1dentificação do sujeito passivo [CNPJ]
Documento de Arrecadação de Receitas Federais
DARF código da receita 2089
Ministério da Fazenda 5ecretaria da Receita Federa1 do Brasi1
Código de barras 85640000001234567890123456789012345678901234
Contribuinte: Empresa Exemp1o 104 LTDA CNPJ [CNPJ]
Autenticação bancária 00000.00000 11111.111111 22222.222222",DARF,GuiaPagamento,synthetic
"Período de apuração [DATE] a [DATE]
Código de barras 85640000001234567890123456789012345678901234
Documento de Arrecadação de Receitas Federais
Ministério da Fazenda Secretaria da Receita Federal do Brasil
DARF código da receita 2089",DARF,GuiaPagamento,synthetic
"Vencimento [DATE] valor total [MONEY]
IRRF - Rendimento do trabalho assalariado DCTFWeb
Período de apuração [DATE] a [DATE]
Documento de Arrecadação de Receitas Federais
Código de barras 85640000001234567890123456789012345678901234
Contribuição previdenciária CONTRPREV
Contribuinte: Empresa Exemplo 104 LTDA CNPJ [CNPJ]",DCTFWEB,GuiaPagamento,synthetic
"Prefeitura de Porto Alegre
Guia de recolhimento municipal
Período de apuração [DATE] a [DATE]
ISSQN Imposto Sobre Serviços de Qualquer Natureza
Código de barras 85640000001234567890123456789012345678901234",ISSPoa,GuiaPagamento,synthetic
"Vencimento [DATE] valor total [MONEY]
Autenticação bancária 00000.00000 11111.111111 22222.222222
Guia de Arrecadação
Contribuinte: Empresa Exemplo 104 LTDA CNPJ [CNPJ]
Guia de Arrecadação - GA
Identificação do sujeito passivo [CNPJ]
Estado do Rio Grande Do Sul",GARS,GuiaPagamento,synthetic
"Declaro ter recebido a importância líquida
Adiantamento Salarial
Adiantamento
Vencimento [DATE] valor total [MONEY]
Identificação do sujeito passivo [CNPJ]",Contracheque,Recibo,synthetic
"Autenticação bancária 00000.00000 11111.111111 22222.222222
Documento de Arrecadação do 5imp1es Naciona1
Receita Federa1 do Brasi1 DA5
Programa Gerador do DA5
Período de apuração [DATE] a [DATE]",SimplesNacional,GuiaPagamento,synthetic
"Documento de Arrecadação de Receitas Federais
Autenticação bancária 00000.00000 11111.111111 22222.222222
IRRF - Rendimento do trabalho assalariado DCTFWeb
Vencimento [DATE] valor total [MONEY]
Contribuição previdenciária CONTRPREV",DCTFWEB,GuiaPagamento,synthetic
"Contribuinte: Empresa Exemplo 104 LTDA CNPJ [CNPJ]
Receita Federal do Brasil DAS
Código de barras 85640000001234567890123456789012345678901234
Documento de Arrecadação do Simples Nacional
Programa Gerador do DAS",SimplesNacional,GuiaPagamento,synthetic
"Guia de Arrecadação - GA
Guia de Arrecadação
Autenticação bancária 00000.00000 11111.111111 22222.222222
Vencimento [DATE] valor total [MONEY]
Estado do Rio Grande Do Sul",GARS,GuiaPagamento,synthetic
"Período de apuração [DATE] a [DATE]
Ministério da Fazenda Secretaria da Receita Federal do Brasil
Vencimento [DATE] valor total [MONEY]
Identificação do sujeito passivo [CNPJ]
DARF código da receita 2089
Documento de Arrecadação de Receitas Federais
Autenticação bancária 00000.00000 11111.111111 22222.222222",DARF,GuiaPagamento,synthetic
"Sistema Público de Escrituração Digital SPED
Vencimento [DATE] valor total [MONEY]
Identificação do sujeito passivo [CNPJ]
EFD ICMS IPI número do recibo
Código de barras 85640000001234567890123456789012345678901234
Recibo de entrega de Escrituração Fiscal Digital",SPEDFiscal,Recibo,synthetic
"Período de apuração [DATE] a [DATE]
Boleto de contribuição assistencial
Sindicato dos empregados contribuição confederativa
Identificação do sujeito passivo [CNPJ]
Autenticação bancária 00000.00000 11111.111111 22222.222222
Cedente sindicato código do beneficiário",BoletoSindicato,GuiaPagamento,synthetic
"Período de apuração [DATE] a [DATE]
Pedido de compra ordem 4521
Código de barras 85640000001234567890123456789012345678901234
Identificação do sujeito passivo [CNPJ]
Quantidade 10 unidades descrição material de escritório",Desconhecido,Desconhecido,synthetic
"Contribuinte: Empresa Exemplo 104 LTDA CNPJ [CNPJ]
Boleto de contribuição assistencial
Identificação do sujeito passivo [CNPJ]
Código de barras 85640000001234567890123456789012345678901234
Sindicato dos empregados contribuição confederativa
Cedente sindicato código do beneficiário",BoletoSindicato,GuiaPagamento,synthetic
"Guia de Arrecadação
Autenticação bancária 00000.00000 11111.111111 22222.222222
Vencimento [DATE] valor total [MONEY]
Estado do Rio Grande Do Sul
Contribuinte: Empresa Exemplo 104 LTDA CNPJ [CNPJ]
Guia de Arrecadação - GA",GARS,GuiaPagamento,synthetic
"Ministério da Previdência Social
Código de pagamento 2100
Contribuinte: Empresa Exemplo 104 LTDA CNPJ [CNPJ]
INSS Guia da Previdência Social GPS
Vencimento [DATE] valor total [MONEY]",GuiaGPS,GuiaPagamento,synthetic
"Contribuinte: Empresa Exemplo 104 LTDA CNPJ [CNPJ]
Demonstração de Resultado
Demonstrativo de Resultado
Vencimento [DATE] valor total [MONEY]
Período de apuração [DATE] a [DATE]",DREMensal,Relatorio,synthetic
"Adiantamento Salarial
Adiantamento
Código de barras 85640000001234567890123456789012345678901234
Vencimento [DATE] valor total [MONEY]
Identificação do sujeito passivo [CNPJ]
Declaro ter recebido a importância líquida
Autenticação bancária 00000.00000 11111.111111 22222.222222",Contracheque,Recibo,synthetic
"Adiantamento Salarial
Declaro ter recebido a importância líquida
Vencimento [DATE] valor total [MONEY]
Autenticação bancária 00000.00000 11111.111111 22222.222222
Adiantamento
Período de apuração [DATE] a [DATE]
Contribuinte: Empresa Exemplo 104 LTDA CNPJ [CNPJ]",Contracheque,Recibo,synthetic
"Vencimento [DATE] valor total [MONEY]
Ministério da Fazenda Secretaria da Receita Federal do Brasil
Documento de Arrecadação de Receitas Federais
Código de barras 85640000001234567890123456789012345678901234
DARF código da receita 2089
Autenticação bancária 00000.00000 11111.111111 22222.222222",DARF,GuiaPagamento,synthetic
"Autenticação bancária 00000.00000 11111.111111 22222.222222
Identificação do sujeito passivo [CNPJ]
Sistema Público de Escrituração Digital SPED
Recibo de entrega de Escrituração Fiscal Digital
EFD ICMS IPI número do recibo",SPEDFiscal,Recibo,synthetic
"INSS Guia da Previdência Social GPS
Código de pagamento 2100
Ministério da Previdência Social
Período de apuração [DATE] a [DATE]
Código de barras 85640000001234567890123456789012345678901234",GuiaGPS,GuiaPagamento,synthetic
"Documento de Arrecadação de Receitas Federais
Identificação do sujeito passivo [CNPJ]
Ministério da Fazenda Secretaria da Receita Federal do Brasil
Código de barras 85640000001234567890123456789012345678901234
DARF código da receita 2089",DARF,GuiaPagamento,synthetic
"Fundo de Garantia do Tempo de Serviço
Competência da guia FGTS Digital
GFD - Guia do FGTS Digital
Código de barras 85640000001234567890123456789012345678901234
Vencimento [DATE] valor total [MONEY]
Autenticação bancária 00000.00000 11111.111111 22222.222222",FGTSDigital,GuiaPagamento,synthetic
"Período de apuração [DATE] a [DATE]
Código de barras 85640000001234567890123456789012345678901234
Contribuinte: Empresa Exemplo 104 LTDA CNPJ [CNPJ]
Guia de recolhimento municipal
ISSQN Imposto Sobre Serviços de Qualquer Natureza
Identificação do sujeito passivo [CNPJ]
Prefeitura de Porto Alegre",ISSPoa,GuiaPagamento,synthetic
"Demonstrativo de Resultado
Demonstração de Resultado
Contribuinte: Empresa Exemplo 104 LTDA CNPJ [CNPJ]
Período de apuração [DATE] a [DATE]",DREMensal,Relatorio,synthetic
"Código de barras 85640000001234567890123456789012345678901234
Programa Gerador do DAS
Receita Federal do Brasil DAS
Identificação do sujeito passivo [CNPJ]
Vencimento [DATE] valor total [MONEY]
Documento de Arrecadação do Simples Nacional",SimplesNacional,GuiaPagamento,synthetic
"Recibo de entrega de Escrituração Fiscal Digital
Período de apuração [DATE] a [DATE]
EFD ICMS IPI número do recibo
Identificação do sujeito passivo [CNPJ]
Código de barras 85640000001234567890123456789012345678901234
Vencimento [DATE] valor total [MONEY]
Sistema Público de Escrituração Digital SPED",SPEDFiscal,Recibo,synthetic
"Cedente sindicato código do beneficiário
Contribuinte: Empresa Exemp1o 104 LTDA CNPJ [CNPJ]
Autenticação bancária 00000.00000 11111.111111 22222.222222
Bo1eto de contribuição assistencia1
5indicato dos empregados contribuição confederativa
1dentificação do sujeito passivo [CNPJ]",BoletoSindicato,GuiaPagamento,synthetic
"Contribuição previdenciária CONTRPREV
Documento de Arrecadação de Receitas Federais
IRRF - Rendimento do trabalho assalariado DCTFWeb
Contribuinte: Empresa Exemplo 104 LTDA CNPJ [CNPJ]
Autenticação bancária 00000.00000 11111.111111 22222.222222
Código de barras 85640000001234567890123456789012345678901234",DCTFWEB,GuiaPagamento,synthetic
"Documento de Arrecadação de Receitas Federais
Vencimento [DATE] valor total [MONEY]
Período de apuração [DATE] a [DATE]
Ministério da Fazenda Secretaria da Receita Federal do Brasil
Autenticação bancária 00000.00000 11111.111111 22222.222222
DARF código da receita 2089",DARF,GuiaPagamento,synthetic
"Autenticação bancária 00000.00000 11111.111111 22222.222222
Identificação do sujeito passivo [CNPJ]
As partes acima identificadas têm entre si justo e contratado
Contrato de prestação de serviços cláusula primeira
Vencimento [DATE] valor total [MONEY]",Desconhecido,Desconhecido,synthetic
"Vencimento [DATE] valor total [MONEY]
Adiantamento Salarial
Declaro ter recebido a importância líquida
Adiantamento
Autenticação bancária 00000.00000 11111.111111 22222.222222
Identificação do sujeito passivo [CNPJ]",Contracheque,Recibo,synthetic
"Ministério da Previdência Social
Contribuinte: Empresa Exemplo 104 LTDA CNPJ [CNPJ]
INSS Guia da Previdência Social GPS
Código de pagamento 2100
Vencimento [DATE] valor total [MONEY]
Código de barras 85640000001234567890123456789012345678901234",GuiaGPS,GuiaPagamento,synthetic
"Código de barras 85640000001234567890123456789012345678901234
Guia de recolhimento municipal
ISSQN Imposto Sobre Serviços de Qualquer Natureza
Identificação do sujeito passivo [CNPJ]
Período de apuração [DATE] a [DATE]
Prefeitura de Porto Alegre",ISSPoa,GuiaPagamento,synthetic
"Competência da guia FGT5 Digita1
GFD - Guia do FGT5 Digita1
Contribuinte: Empresa Exemp1o 104 LTDA CNPJ [CNPJ]
Período de apuração [DATE] a [DATE]
Autenticação bancária 00000.00000 11111.111111 22222.222222
Fundo de Garantia do Tempo de 5erviço",FGTSDigital,GuiaPagamento,synthetic
"Contribuinte: Empresa Exemplo 104 LTDA CNPJ [CNPJ]
Identificação do sujeito passivo [CNPJ]
Programa Gerador do DAS
Documento de Arrecadação do Simples Nacional
Receita Federal do Brasil DAS
Autenticação bancária 00000.00000 11111.111111 22222.222222",SimplesNacional,GuiaPagamento,synthetic
"Contribuinte: Empresa Exemplo 104 LTDA CNPJ [CNPJ]
Autenticação bancária 00000.00000 11111.111111 22222.222222
As partes acima identificadas têm entre si justo e contratado
Identificação do sujeito passivo [CNPJ]
Contrato de prestação de serviços cláusula primeira",Desconhecido,Desconhecido,synthetic
"Contribuinte: Empresa Exemplo 104 LTDA CNPJ [CNPJ]
Código de barras 85640000001234567890123456789012345678901234
Vencimento [DATE] valor total [MONEY]
Período de apuração [DATE] a [DATE]
Código de pagamento 2100
INSS Guia da Previdência Social GPS
Ministério da Previdência Social",GuiaGPS,GuiaPagamento,synthetic
"Contribuinte: Empresa Exemplo 104 LTDA CNPJ [CNPJ]
DARF código da receita 2089
Documento de Arrecadação de Receitas Federais
Ministério da Fazenda Secretaria da Receita Federal do Brasil
Código de barras 85640000001234567890123456789012345678901234",DARF,GuiaPagamento,synthetic
"IRRF - Rendimento do trabalho assalariado DCTFWeb
Período de apuração [DATE] a [DATE]
Contribuição previdenciária CONTRPREV
Documento de Arrecadação de Receitas Federais
Autenticação bancária 00000.00000 11111.111111 22222.222222
Vencimento [DATE] valor total [MONEY]
Contribuinte: Empresa Exemplo 104 LTDA CNPJ [CNPJ]",DCTFWEB,GuiaPagamento,synthetic
"Autenticação bancária 00000.00000 11111.111111 22222.222222
Vencimento [DATE] valor total [MONEY]
DARF código da receita 2089
Contribuinte: Empresa Exemplo 104 LTDA CNPJ [CNPJ]
Documento de Arrecadação de Receitas Federais
Ministério da Fazenda Secretaria da Receita Federal do Brasil",DARF,GuiaPagamento,synthetic
"Demonstrativo de Resultado
Identificação do sujeito passivo [CNPJ]
Autenticação bancária 00000.00000 11111.111111 22222.222222
Código de barras 85640000001234567890123456789012345678901234
Demonstração de Resultado",DREMensal,Relatorio,synthetic
"Competência da guia FGTS Digital
GFD - Guia do FGTS Digital
Fundo de Garantia do Tempo de Serviço
Autenticação bancária 00000.00000 11111.111111 22222.222222
Período de apuração [DATE] a [DATE]
Código de barras 85640000001234567890123456789012345678901234
Vencimento [DATE] valor total [MONEY]",FGTSDigital,GuiaPagamento,synthetic
"Adiantamento
Código de barras 85640000001234567890123456789012345678901234
Contribuinte: Empresa Exemplo 104 LTDA CNPJ [CNPJ]
Adiantamento Salarial
Identificação do sujeito passivo [CNPJ]
Declaro ter recebido a importância líquida
Vencimento [DATE] valor total [MONEY]",Contracheque,Recibo,synthetic
"Período de apuração [DATE] a [DATE]
Identificação do sujeito passivo [CNPJ]
Demonstrativo de Resultado
Demonstração de Resultado
Autenticação bancária 00000.00000 11111.111111 22222.222222",DREMensal,Relatorio,synthetic
"Autenticação bancária 00000.00000 11111.111111 22222.222222
Demonstrativo de Resultado
Vencimento [DATE] valor total [MONEY]
Demonstração de Resultado
Período de apuração [DATE] a [DATE]",DREMensal,Relatorio,synthetic
"Período de apuração [DATE] a [DATE]
Código de barras 85640000001234567890123456789012345678901234
Autenticação bancária 00000.00000 11111.111111 22222.222222
As partes acima identificadas têm entre si justo e contratado
Contrato de prestação de serviços c1áusu1a primeira
1dentificação do sujeito passivo [CNPJ]",Desconhecido,Desconhecido,synthetic
"Competência da guia FGTS Digital
Fundo de Garantia do Tempo de Serviço
GFD - Guia do FGTS Digital
Período de apuração [DATE] a [DATE]
Identificação do sujeito passivo [CNPJ]",FGTSDigital,GuiaPagamento,synthetic
"Vencimento [DATE] valor total [MONEY]
GFD - Guia do FGTS Digital
Fundo de Garantia do Tempo de Serviço
Período de apuração [DATE] a [DATE]
Código de barras 85640000001234567890123456789012345678901234
Contribuinte: Empresa Exemplo 104 LTDA CNPJ [CNPJ]
Competência da guia FGTS Digital",FGTSDigital,GuiaPagamento,synthetic
"INSS Guia da Previdência Social GPS
Código de pagamento 2100
Período de apuração [DATE] a [DATE]
Vencimento [DATE] valor total [MONEY]
Ministério da Previdência Social
Código de barras 85640000001234567890123456789012345678901234
Contribuinte: Empresa Exemplo 104 LTDA CNPJ [CNPJ]",GuiaGPS,GuiaPagamento,synthetic
"Adiantamento Salarial
Identificação do sujeito passivo [CNPJ]
Período de apuração [DATE] a [DATE]
Declaro ter recebido a importância líquida
Código de barras 85640000001234567890123456789012345678901234
Vencimento [DATE] valor total [MONEY]
Adiantamento",Contracheque,Recibo,synthetic
"Receita Federal do Brasil DAS
Vencimento [DATE] valor total [MONEY]
Código de barras 85640000001234567890123456789012345678901234
Programa Gerador do DAS
Documento de Arrecadação do Simples Nacional",SimplesNacional,GuiaPagamento,synthetic
"Adiantamento
Autenticação bancária 00000.00000 11111.111111 22222.222222
Contribuinte: Empresa Exemplo 104 LTDA CNPJ [CNPJ]
Declaro ter recebido a importância líquida
Adiantamento Salarial",Contracheque,Recibo,synthetic
"Identificação do sujeito passivo [CNPJ]
Período de apuração [DATE] a [DATE]
Boleto de contribuição assistencial
Contribuinte: Empresa Exemplo 104 LTDA CNPJ [CNPJ]
Código de barras 85640000001234567890123456789012345678901234
Cedente sindicato código do beneficiário
Sindicato dos empregados contribuição confederativa",BoletoSindicato,GuiaPagamento,synthetic
"Vencimento [DATE] valor total [MONEY]
Estado do Rio Grande Do Sul
Identificação do sujeito passivo [CNPJ]
Guia de Arrecadação - GA
Autenticação bancária 00000.00000 11111.111111 22222.222222
Guia de Arrecadação
Código de barras 85640000001234567890123456789012345678901234",GARS,GuiaPagamento,synthetic
"Vencimento [DATE] valor total [MONEY]
Contribuição previdenciária CONTRPREV
Período de apuração [DATE] a [DATE]
Autenticação bancária 00000.00000 11111.111111 22222.222222
IRRF - Rendimento do trabalho assalariado DCTFWeb
Contribuinte: Empresa Exemplo 104 LTDA CNPJ [CNPJ]
Documento de Arrecadação de Receitas Federais",DCTFWEB,GuiaPagamento,synthetic
"Período de apuração [DATE] a [DATE]
Autenticação bancária 00000.00000 11111.111111 22222.222222
Programa Gerador do DAS
Receita Federal do Brasil DAS
Documento de Arrecadação do Simples Nacional
Vencimento [DATE] valor total [MONEY]",SimplesNacional,GuiaPagamento,synthetic
"Vencimento [DATE] valor total [MONEY]
Identificação do sujeito passivo [CNPJ]
Contribuinte: Empresa Exemplo 104 LTDA CNPJ [CNPJ]
Guia de Arrecadação - GA
Estado do Rio Grande Do Sul
Guia de Arrecadação",GARS,GuiaPagamento,synthetic
"Autenticação bancária 00000.00000 11111.111111 22222.222222
Ministério da Fazenda Secretaria da Receita Federal do Brasil
Documento de Arrecadação de Receitas Federais
DARF código da receita 2089
Vencimento [DATE] valor total [MONEY]",DARF,GuiaPagamento,synthetic
"Contribuinte: Empresa Exemp1o 104 LTDA CNPJ [CNPJ]
Ata de reunião pauta 1 aprovação das contas
Presentes os sócios na sede da sociedade
Código de barras 85640000001234567890123456789012345678901234
Período de apuração [DATE] a [DATE]
Vencimento [DATE] va1or tota1 [MONEY]",Desconhecido,Desconhecido,synthetic
"Contribuinte: Empresa Exemplo 104 LTDA CNPJ [CNPJ]
Declaro ter recebido a importância líquida
Adiantamento Salarial
Vencimento [DATE] valor total [MONEY]
Adiantamento",Contracheque,Recibo,synthetic
"Prefeitura de Porto Alegre
Vencimento [DATE] valor total [MONEY]
ISSQN Imposto Sobre Serviços de Qualquer Natureza
Guia de recolhimento municipal
Período de apuração [DATE] a [DATE]
Identificação do sujeito passivo [CNPJ]",ISSPoa,GuiaPagamento,synthetic
"IRRF - Rendimento do trabalho assalariado DCTFWeb
Período de apuração [DATE] a [DATE]
Documento de Arrecadação de Receitas Federais
Vencimento [DATE] valor total [MONEY]
Contribuição previdenciária CONTRPREV",DCTFWEB,GuiaPagamento,synthetic
"Código de pagamento 2100
Autenticação bancária 00000.00000 11111.111111 22222.222222
INSS Guia da Previdência Social GPS
Vencimento [DATE] valor total [MONEY]
Ministério da Previdência Social
Período de apuração [DATE] a [DATE]
Identificação do sujeito passivo [CNPJ]",GuiaGPS,GuiaPagamento,synthetic
"Pedido de compra ordem 4521
Quantidade 10 unidades descrição material de escritório
Período de apuração [DATE] a [DATE]
Autenticação bancária 00000.00000 11111.111111 22222.222222",Desconhecido,Desconhecido,synthetic
"Autenticação bancária 00000.00000 11111.111111 22222.222222
Contribuinte: Empresa Exemplo 104 LTDA CNPJ [CNPJ]
Contribuição previdenciária CONTRPREV
IRRF - Rendimento do trabalho assalariado DCTFWeb
Documento de Arrecadação de Receitas Federais",DCTFWEB,GuiaPagamento,synthetic
"Identificação do sujeito passivo [CNPJ]
Guia de Arrecadação - GA
Período de apuração [DATE] a [DATE]
Guia de Arrecadação
Estado do Rio Grande Do Sul",GARS,GuiaPagamento,synthetic
"Código de barras 85640000001234567890123456789012345678901234
Período de apuração [DATE] a [DATE]
Quantidade 10 unidades descrição material de escritório
Vencimento [DATE] valor total [MONEY]
Pedido de compra ordem 4521
Autenticação bancária 00000.00000 11111.111111 22222.222222",Desconhecido,Desconhecido,synthetic
"Fundo de Garantia do Tempo de Serviço
GFD - Guia do FGTS Digital
Competência da guia FGTS Digital
Código de barras 85640000001234567890123456789012345678901234
Período de apuração [DATE] a [DATE]
Identificação do sujeito passivo [CNPJ]",FGTSDigital,GuiaPagamento,synthetic
"Competência da guia FGTS Digital
Contribuinte: Empresa Exemplo 104 LTDA CNPJ [CNPJ]
Fundo de Garantia do Tempo de Serviço
Identificação do sujeito passivo [CNPJ]
GFD - Guia do FGTS Digital
Autenticação bancária 00000.00000 11111.111111 22222.222222
Código de barras 85640000001234567890123456789012345678901234",FGTSDigital,GuiaPagamento,synthetic
"Adiantamento
Autenticação bancária 00000.00000 11111.111111 22222.222222
Código de barras 85640000001234567890123456789012345678901234
Período de apuração [DATE] a [DATE]
Declaro ter recebido a importância líquida
Adiantamento Salarial
Identificação do sujeito passivo [CNPJ]",Contracheque,Recibo,synthetic
"Programa Gerador do DAS
Documento de Arrecadação do Simples Nacional
Vencimento [DATE] valor total [MONEY]
Identificação do sujeito passivo [CNPJ]
Receita Federal do Brasil DAS",SimplesNacional,GuiaPagamento,synthetic
"Contribuinte: Empresa Exemplo 104 LTDA CNPJ [CNPJ]
Guia de Arrecadação - GA
Vencimento [DATE] valor total [MONEY]
Guia de Arrecadação
Período de apuração [DATE] a [DATE]
Identificação do sujeito passivo [CNPJ]
Estado do Rio Grande Do Sul",GARS,GuiaPagamento,synthetic
"Período de apuração [DATE] a [DATE]
Presentes os sócios na sede da sociedade
Ata de reunião pauta 1 aprovação das contas
1dentificação do sujeito passivo [CNPJ]
Código de barras 85640000001234567890123456789012345678901234",Desconhecido,Desconhecido,synthetic
"Competência da guia FGTS Digital
Vencimento [DATE] valor total [MONEY]
Fundo de Garantia do Tempo de Serviço
GFD - Guia do FGTS Digital
Período de apuração [DATE] a [DATE]",FGTSDigital,GuiaPagamento,synthetic
"Identificação do sujeito passivo [CNPJ]
Ministério da Previdência Social
INSS Guia da Previdência Social GPS
Código de barras 85640000001234567890123456789012345678901234
Código de pagamento 2100
Vencimento [DATE] valor total [MONEY]",GuiaGPS,GuiaPagamento,synthetic
"Contribuinte: Empresa Exemplo 104 LTDA CNPJ [CNPJ]
Estado do Rio Grande Do Sul
Identificação do sujeito passivo [CNPJ]
Vencimento [DATE] valor total [MONEY]
Autenticação bancária 00000.00000 11111.111111 22222.222222
Guia de Arrecadação
Guia de Arrecadação - GA",GARS,GuiaPagamento,synthetic
"Contribuinte: Empresa Exemp1o 104 LTDA CNPJ [CNPJ]
Autenticação bancária 00000.00000 11111.111111 22222.222222
5istema Púb1ico de Escrituração Digita1 5PED
EFD 1CM5 1P1 número do recibo
Código de barras 85640000001234567890123456789012345678901234
1dentificação do sujeito passivo [CNPJ]
Recibo de entrega de Escrituração Fisca1 Digita1",SPEDFiscal,Recibo,synthetic
"Guia de Arrecadação
Guia de Arrecadação - GA
Estado do Rio Grande Do Sul
Período de apuração [DATE] a [DATE]
Identificação do sujeito passivo [CNPJ]",GARS,GuiaPagamento,synthetic
"Programa Gerador do DA5
Receita Federa1 do Brasi1 DA5
Documento de Arrecadação do 5imp1es Naciona1
Período de apuração [DATE] a [DATE]
Contribuinte: Empresa Exemp1o 104 LTDA CNPJ [CNPJ]",SimplesNacional,GuiaPagamento,synthetic
"Vencimento [DATE] valor total [MONEY]
Período de apuração [DATE] a [DATE]
Declaro ter recebido a importância líquida
Adiantamento
Autenticação bancária 00000.00000 11111.111111 22222.222222
Adiantamento Salarial",Contracheque,Recibo,synthetic
"Adiantamento Salarial
Adiantamento
Período de apuração [DATE] a [DATE]
Vencimento [DATE] valor total [MONEY]
Declaro ter recebido a importância líquida
Identificação do sujeito passivo [CNPJ]
Código de barras 85640000001234567890123456789012345678901234",Contracheque,Recibo,synthetic
"Código de barras 85640000001234567890123456789012345678901234
Adiantamento Salarial
Declaro ter recebido a importância líquida
Adiantamento
Autenticação bancária 00000.00000 11111.111111 22222.222222
Vencimento [DATE] valor total [MONEY]",Contracheque,Recibo,synthetic
"INSS Guia da Previdência Social GPS
Ministério da Previdência Social
Autenticação bancária 00000.00000 11111.111111 22222.222222
Código de barras 85640000001234567890123456789012345678901234
Código de pagamento 2100
Vencimento [DATE] valor total [MONEY]",GuiaGPS,GuiaPagamento,synthetic
"Período de apuração [DATE] a [DATE]
Demonstração de Resultado
Autenticação bancária 00000.00000 11111.111111 22222.222222
Vencimento [DATE] valor total [MONEY]
Demonstrativo de Resultado
Identificação do sujeito passivo [CNPJ]",DREMensal,Relatorio,synthetic
"Autenticação bancária 00000.00000 11111.111111 22222.222222
Identificação do sujeito passivo [CNPJ]
EFD ICMS IPI número do recibo
Recibo de entrega de Escrituração Fiscal Digital
Código de barras 85640000001234567890123456789012345678901234
Sistema Público de Escrituração Digital SPED",SPEDFiscal,Recibo,synthetic
"Código de barras 85640000001234567890123456789012345678901234
Programa Gerador do DAS
Receita Federal do Brasil DAS
Documento de Arrecadação do Simples Nacional
Período de apuração [DATE] a [DATE]",SimplesNacional,GuiaPagamento,synthetic
"Ministério da Fazenda Secretaria da Receita Federal do Brasil
Autenticação bancária 00000.00000 11111.111111 22222.222222
Código de barras 85640000001234567890123456789012345678901234
Contribuinte: Empresa Exemplo 104 LTDA CNPJ [CNPJ]
DARF código da receita 2089
Documento de Arrecadação de Receitas Federais",DARF,GuiaPagamento,synthetic
"Documento de Arrecadação de Receitas Federais
Autenticação bancária 00000.00000 11111.111111 22222.222222
Identificação do sujeito passivo [CNPJ]
Período de apuração [DATE] a [DATE]
IRRF - Rendimento do trabalho assalariado DCTFWeb
Contribuição previdenciária CONTRPREV",DCTFWEB,GuiaPagamento,synthetic
"Declaro ter recebido a importância líquida
Adiantamento Salarial
Adiantamento
Vencimento [DATE] valor total [MONEY]
Contribuinte: Empresa Exemplo 104 LTDA CNPJ [CNPJ]
Período de apuração [DATE] a [DATE]",Contracheque,Recibo,synthetic
"Autenticação bancária 00000.00000 11111.111111 22222.222222
Bo1eto de contribuição assistencia1
5indicato dos empregados contribuição confederativa
Código de barras 85640000001234567890123456789012345678901234
Cedente sindicato código do beneficiário
Período de apuração [DATE] a [DATE]",BoletoSindicato,GuiaPagamento,synthetic
"Identificação do sujeito passivo [CNPJ]
Adiantamento Salarial
Código de barras 85640000001234567890123456789012345678901234
Declaro ter recebido a importância líquida
Autenticação bancária 00000.00000 11111.111111 22222.222222
Adiantamento
Vencimento [DATE] valor total [MONEY]",Contracheque,Recibo,synthetic
"Identificação do sujeito passivo [CNPJ]
Contribuinte: Empresa Exemplo 104 LTDA CNPJ [CNPJ]
Sindicato dos empregados contribuição confederativa
Cedente sindicato código do beneficiário
Código de barras 85640000001234567890123456789012345678901234
Período de apuração [DATE] a [DATE]
Boleto de contribuição assistencial",BoletoSindicato,GuiaPagamento,synthetic
"Autenticação bancária 00000.00000 11111.111111 22222.222222
Período de apuração [DATE] a [DATE]
Contribuinte: Empresa Exemplo 104 LTDA CNPJ [CNPJ]
GFD - Guia do FGTS Digital
Competência da guia FGTS Digital
Fundo de Garantia do Tempo de Serviço",FGTSDigital,GuiaPagamento,synthetic
"Contribuinte: Empresa Exemplo 104 LTDA CNPJ [CNPJ]
Contribuição previdenciária CONTRPREV
Identificação do sujeito passivo [CNPJ]
IRRF - Rendimento do trabalho assalariado DCTFWeb
Documento de Arrecadação de Receitas Federais",DCTFWEB,GuiaPagamento,synthetic
"Autenticação bancária 00000.00000 11111.111111 22222.222222
Período de apuração [DATE] a [DATE]
Cedente sindicato código do beneficiário
Identificação do sujeito passivo [CNPJ]
Contribuinte: Empresa Exemplo 104 LTDA CNPJ [CNPJ]
Boleto de contribuição assistencial
Sindicato dos empregados contribuição confederativa",BoletoSindicato,GuiaPagamento,synthetic
"Período de apuração [DATE] a [DATE]
Recibo de entrega de Escrituração Fiscal Digital
Autenticação bancária 00000.00000 11111.111111 22222.222222
Contribuinte: Empresa Exemplo 104 LTDA CNPJ [CNPJ]
Sistema Público de Escrituração Digital SPED
EFD ICMS IPI número do recibo
Vencimento [DATE] valor total [MONEY]",SPEDFiscal,Recibo,synthetic
"ISSQN Imposto Sobre Serviços de Qualquer Natureza
Prefeitura de Porto Alegre
Vencimento [DATE] valor total [MONEY]
Código de barras 85640000001234567890123456789012345678901234
Guia de recolhimento municipal",ISSPoa,GuiaPagamento,synthetic
"Contribuinte: Empresa Exemplo 104 LTDA CNPJ [CNPJ]
Identificação do sujeito passivo [CNPJ]
Programa Gerador do DAS
Receita Federal do Brasil DAS
Documento de Arrecadação do Simples Nacional
Autenticação bancária 00000.00000 11111.111111 22222.222222",SimplesNacional,GuiaPagamento,synthetic
"Vencimento [DATE] valor total [MONEY]
Fundo de Garantia do Tempo de Serviço
Autenticação bancária 00000.00000 11111.111111 22222.222222
Identificação do sujeito passivo [CNPJ]
Contribuinte: Empresa Exemplo 104 LTDA CNPJ [CNPJ]
Competência da guia FGTS Digital
GFD - Guia do FGTS Digital",FGTSDigital,GuiaPagamento,synthetic
"Estado do Rio Grande Do Sul
Guia de Arrecadação
Guia de Arrecadação - GA
Código de barras 85640000001234567890123456789012345678901234
Vencimento [DATE] valor total [MONEY]",GARS,GuiaPagamento,synthetic
"Contribuição previdenciária CONTRPREV
Documento de Arrecadação de Receitas Federais
IRRF - Rendimento do trabalho assalariado DCTFWeb
Autenticação bancária 00000.00000 11111.111111 22222.222222
Identificação do sujeito passivo [CNPJ]",DCTFWEB,GuiaPagamento,synthetic
"Período de apuração [DATE] a [DATE]
Recibo de entrega de Escrituração Fiscal Digital
EFD ICMS IPI número do recibo
Vencimento [DATE] valor total [MONEY]
Sistema Público de Escrituração Digital SPED",SPEDFiscal,Recibo,synthetic
"Vencimento [DATE] valor total [MONEY]
Ata de reunião pauta 1 aprovação das contas
Presentes os sócios na sede da sociedade
Identificação do sujeito passivo [CNPJ]
Autenticação bancária 00000.00000 11111.111111 22222.222222",Desconhecido,Desconhecido,synthetic
"DARF código da receita 2089
Ministério da Fazenda Secretaria da Receita Federal do Brasil
Código de barras 85640000001234567890123456789012345678901234
Contribuinte: Empresa Exemplo 104 LTDA CNPJ [CNPJ]
Documento de Arrecadação de Receitas Federais
Identificação do sujeito passivo [CNPJ]",DARF,GuiaPagamento,synthetic
"Período de apuração [DATE] a [DATE]
Autenticação bancária 00000.00000 11111.111111 22222.222222
Fundo de Garantia do Tempo de Serviço
Competência da guia FGTS Digital
GFD - Guia do FGTS Digital
Vencimento [DATE] valor total [MONEY]",FGTSDigital,GuiaPagamento,synthetic
"Identificação do sujeito passivo [CNPJ]
EFD ICMS IPI número do recibo
Sistema Público de Escrituração Digital SPED
Período de apuração [DATE] a [DATE]
Código de barras 85640000001234567890123456789012345678901234
Vencimento [DATE] valor total [MONEY]
Recibo de entrega de Escrituração Fiscal Digital",SPEDFiscal,Recibo,synthetic
"Contribuinte: Empresa Exemplo 104 LTDA CNPJ [CNPJ]
Período de apuração [DATE] a [DATE]
Identificação do sujeito passivo [CNPJ]
Documento de Arrecadação de Receitas Federais
Autenticação bancária 00000.00000 11111.111111 22222.222222
Ministério da Fazenda Secretaria da Receita Federal do Brasil
DARF código da receita 2089",DARF,GuiaPagamento,synthetic
"Contribuição previdenciária CONTRPREV
Contribuinte: Empresa Exemplo 104 LTDA CNPJ [CNPJ]
Período de apuração [DATE] a [DATE]
IRRF - Rendimento do trabalho assalariado DCTFWeb
Autenticação bancária 00000.00000 11111.111111 22222.222222
Documento de Arrecadação de Receitas Federais
Código de barras 85640000001234567890123456789012345678901234",DCTFWEB,GuiaPagamento,synthetic
"1dentificação do sujeito passivo [CNPJ]
Período de apuração [DATE] a [DATE]
Código de barras 85640000001234567890123456789012345678901234
5indicato dos empregados contribuição confederativa
Cedente sindicato código do beneficiário
Contribuinte: Empresa Exemp1o 104 LTDA CNPJ [CNPJ]
Bo1eto de contribuição assistencia1",BoletoSindicato,GuiaPagamento,synthetic
"Guia de recolhimento municipal
Identificação do sujeito passivo [CNPJ]
Vencimento [DATE] valor total [MONEY]
ISSQN Imposto Sobre Serviços de Qualquer Natureza
Prefeitura de Porto Alegre",ISSPoa,GuiaPagamento,synthetic
"ISSQN Imposto Sobre Serviços de Qualquer Natureza
Código de barras 85640000001234567890123456789012345678901234
Guia de recolhimento municipal
Prefeitura de Porto Alegre
Autenticação bancária 00000.00000 11111.111111 22222.222222
Identificação do sujeito passivo [CNPJ]",ISSPoa,GuiaPagamento,synthetic
"ISSQN Imposto Sobre Serviços de Qualquer Natureza
Guia de recolhimento municipal
Identificação do sujeito passivo [CNPJ]
Vencimento [DATE] valor total [MONEY]
Prefeitura de Porto Alegre
Período de apuração [DATE] a [DATE]",ISSPoa,GuiaPagamento,synthetic
"Identificação do sujeito passivo [CNPJ]
Contribuinte: Empresa Exemplo 104 LTDA CNPJ [CNPJ]
Recibo de entrega de Escrituração Fiscal Digital
Período de apuração [DATE] a [DATE]
Sistema Público de Escrituração Digital SPED
EFD ICMS IPI número do recibo
Autenticação bancária 00000.00000 11111.111111 22222.222222",SPEDFiscal,Recibo,synthetic
"Vencimento [DATE] va1or tota1 [MONEY]
Demonstração de Resu1tado
1dentificação do sujeito passivo [CNPJ]
Demonstrativo de Resu1tado
Código de barras 85640000001234567890123456789012345678901234",DREMensal,Relatorio,synthetic
"Vencimento [DATE] va1or tota1 [MONEY]
Contrato de prestação de serviços c1áusu1a primeira
Período de apuração [DATE] a [DATE]
As partes acima identificadas têm entre si justo e contratado",Desconhecido,Desconhecido,synthetic
"Contribuinte: Empresa Exemplo 104 LTDA CNPJ [CNPJ]
Programa Gerador do DAS
Receita Federal do Brasil DAS
Documento de Arrecadação do Simples Nacional
Identificação do sujeito passivo [CNPJ]
Vencimento [DATE] valor total [MONEY]
Código de barras 85640000001234567890123456789012345678901234",SimplesNacional,GuiaPagamento,synthetic
"Boleto de contribuição assistencial
Cedente sindicato código do beneficiário
Identificação do sujeito passivo [CNPJ]
Período de apuração [DATE] a [DATE]
Sindicato dos empregados contribuição confederativa",BoletoSindicato,GuiaPagamento,synthetic
"GFD - Guia do FGT5 Digita1
Código de barras 85640000001234567890123456789012345678901234
Período de apuração [DATE] a [DATE]
Vencimento [DATE] va1or tota1 [MONEY]
Fundo de Garantia do Tempo de 5erviço
Competência da guia FGT5 Digita1",FGTSDigital,GuiaPagamento,synthetic
"Guia de recolhimento municipal
Período de apuração [DATE] a [DATE]
Identificação do sujeito passivo [CNPJ]
Prefeitura de Porto Alegre
Vencimento [DATE] valor total [MONEY]
ISSQN Imposto Sobre Serviços de Qualquer Natureza
Código de barras 85640000001234567890123456789012345678901234",ISSPoa,GuiaPagamento,synthetic
"Documento de Arrecadação de Receitas Federais
DARF código da receita 2089
Período de apuração [DATE] a [DATE]
Ministério da Fazenda Secretaria da Receita Federal do Brasil
Identificação do sujeito passivo [CNPJ]",DARF,GuiaPagamento,synthetic
"Programa Gerador do DA5
Receita Federa1 do Brasi1 DA5
Documento de Arrecadação do 5imp1es Naciona1
Contribuinte: Empresa Exemp1o 104 LTDA CNPJ [CNPJ]
Código de barras 85640000001234567890123456789012345678901234
Período de apuração [DATE] a [DATE]",SimplesNacional,GuiaPagamento,synthetic
"Período de apuração [DATE] a [DATE]
Demonstração de Resultado
Identificação do sujeito passivo [CNPJ]
Contribuinte: Empresa Exemplo 104 LTDA CNPJ [CNPJ]
Demonstrativo de Resultado",DREMensal,Relatorio,synthetic
"Documento de Arrecadação do Simples Nacional
Código de barras 85640000001234567890123456789012345678901234
Vencimento [DATE] valor total [MONEY]
Receita Federal do Brasil DAS
Período de apuração [DATE] a [DATE]
Programa Gerador do DAS
Identificação do sujeito passivo [CNPJ]",SimplesNacional,GuiaPagamento,synthetic
"Contribuinte: Empresa Exemplo 104 LTDA CNPJ [CNPJ]
Quantidade 10 unidades descrição material de escritório
Período de apuração [DATE] a [DATE]
Pedido de compra ordem 4521
Vencimento [DATE] valor total [MONEY]",Desconhecido,Desconhecido,synthetic
"Contribuinte: Empresa Exemplo 104 LTDA CNPJ [CNPJ]
Contrato de prestação de serviços cláusula primeira
As partes acima identificadas têm entre si justo e contratado
Autenticação bancária 00000.00000 11111.111111 22222.222222
Identificação do sujeito passivo [CNPJ]",Desconhecido,Desconhecido,synthetic
"Demonstrativo de Resultado
Contribuinte: Empresa Exemplo 104 LTDA CNPJ [CNPJ]
Vencimento [DATE] valor total [MONEY]
Demonstração de Resultado
Autenticação bancária 00000.00000 11111.111111 22222.222222
Período de apuração [DATE] a [DATE]",DREMensal,Relatorio,synthetic
"Código de barras 85640000001234567890123456789012345678901234
Autenticação bancária 00000.00000 11111.111111 22222.222222
Guia de reco1himento municipa1
155QN 1mposto 5obre 5erviços de Qua1quer Natureza
Prefeitura de Porto A1egre",ISSPoa,GuiaPagamento,synthetic
"Contribuinte: Empresa Exemplo 104 LTDA CNPJ [CNPJ]
Período de apuração [DATE] a [DATE]
Demonstração de Resultado
Identificação do sujeito passivo [CNPJ]
Demonstrativo de Resultado
Autenticação bancária 00000.00000 11111.111111 22222.222222",DREMensal,Relatorio,synthetic
"Identificação do sujeito passivo [CNPJ]
Vencimento [DATE] valor total [MONEY]
Autenticação bancária 00000.00000 11111.111111 22222.222222
Contribuição previdenciária CONTRPREV
IRRF - Rendimento do trabalho assalariado DCTFWeb
Documento de Arrecadação de Receitas Federais
Contribuinte: Empresa Exemplo 104 LTDA CNPJ [CNPJ]",DCTFWEB,GuiaPagamento,synthetic
"Vencimento [DATE] valor total [MONEY]
EFD ICMS IPI número do recibo
Código de barras 85640000001234567890123456789012345678901234
Recibo de entrega de Escrituração Fiscal Digital
Autenticação bancária 00000.00000 11111.111111 22222.222222
Sistema Público de Escrituração Digital SPED
Período de apuração [DATE] a [DATE]",SPEDFiscal,Recibo,synthetic
"Contribuinte: Empresa Exemplo 104 LTDA CNPJ [CNPJ]
DARF código da receita 2089
Documento de Arrecadação de Receitas Federais
Vencimento [DATE] valor total [MONEY]
Ministério da Fazenda Secretaria da Receita Federal do Brasil",DARF,GuiaPagamento,synthetic
"Receita Federal do Brasil DAS
Programa Gerador do DAS
Identificação do sujeito passivo [CNPJ]
Vencimento [DATE] valor total [MONEY]
Documento de Arrecadação do Simples Nacional
Contribuinte: Empresa Exemplo 104 LTDA CNPJ [CNPJ]",SimplesNacional,GuiaPagamento,synthetic
"Identificação do sujeito passivo [CNPJ]
Adiantamento
Contribuinte: Empresa Exemplo 104 LTDA CNPJ [CNPJ]
Adiantamento Salarial
Declaro ter recebido a importância líquida
Vencimento [DATE] valor total [MONEY]",Contracheque,Recibo,synthetic
"Período de apuração [DATE] a [DATE]
Ministério da Previdência Social
Código de pagamento 2100
INSS Guia da Previdência Social GPS
Código de barras 85640000001234567890123456789012345678901234",GuiaGPS,GuiaPagamento,synthetic
"Identificação do sujeito passivo [CNPJ]
Vencimento [DATE] valor total [MONEY]
Presentes os sócios na sede da sociedade
Ata de reunião pauta 1 aprovação das contas",Desconhecido,Desconhecido,synthetic
"Código de barras 85640000001234567890123456789012345678901234
Vencimento [DATE] valor total [MONEY]
Guia de Arrecadação - GA
Autenticação bancária 00000.00000 11111.111111 22222.222222
Guia de Arrecadação
Contribuinte: Empresa Exemplo 104 LTDA CNPJ [CNPJ]
Estado do Rio Grande Do Sul",GARS,GuiaPagamento,synthetic
"Vencimento [DATE] va1or tota1 [MONEY]
DARF código da receita 2089
Documento de Arrecadação de Receitas Federais
Código de barras 85640000001234567890123456789012345678901234
Ministério da Fazenda 5ecretaria da Receita Federa1 do Brasi1
Contribuinte: Empresa Exemp1o 104 LTDA CNPJ [CNPJ]
Período de apuração [DATE] a [DATE]",DARF,GuiaPagamento,synthetic
"Código de barras 85640000001234567890123456789012345678901234
Documento de Arrecadação do Simples Nacional
Programa Gerador do DAS
Receita Federal do Brasil DAS
Contribuinte: Empresa Exemplo 104 LTDA CNPJ [CNPJ]
Autenticação bancária 00000.00000 11111.111111 22222.222222",SimplesNacional,GuiaPagamento,synthetic
"Autenticação bancária 00000.00000 11111.111111 22222.222222
Pedido de compra ordem 4521
Quantidade 10 unidades descrição material de escritório
Vencimento [DATE] valor total [MONEY]
Período de apuração [DATE] a [DATE]
Código de barras 85640000001234567890123456789012345678901234",Desconhecido,Desconhecido,synthetic
"Guia de Arrecadação - GA
Período de apuração [DATE] a [DATE]
Contribuinte: Empresa Exemplo 104 LTDA CNPJ [CNPJ]
Guia de Arrecadação
Estado do Rio Grande Do Sul
Identificação do sujeito passivo [CNPJ]",GARS,GuiaPagamento,synthetic
"Autenticação bancária 00000.00000 11111.111111 22222.222222
Ministério da Previdência Social
Período de apuração [DATE] a [DATE]
Identificação do sujeito passivo [CNPJ]
Código de pagamento 2100
INSS Guia da Previdência Social GPS",GuiaGPS,GuiaPagamento,synthetic
"Vencimento [DATE] valor total [MONEY]
Quantidade 10 unidades descrição material de escritório
Identificação do sujeito passivo [CNPJ]
Pedido de compra ordem 4521",Desconhecido,Desconhecido,synthetic
"Contribuinte: Empresa Exemp1o 104 LTDA CNPJ [CNPJ]
1dentificação do sujeito passivo [CNPJ]
Vencimento [DATE] va1or tota1 [MONEY]
5indicato dos empregados contribuição confederativa
Bo1eto de contribuição assistencia1
Cedente sindicato código do beneficiário",BoletoSindicato,GuiaPagamento,synthetic
"ISSQN Imposto Sobre Serviços de Qualquer Natureza
Contribuinte: Empresa Exemplo 104 LTDA CNPJ [CNPJ]
Prefeitura de Porto Alegre
Identificação do sujeito passivo [CNPJ]
Guia de recolhimento municipal",ISSPoa,GuiaPagamento,synthetic
"Contribuinte: Empresa Exemplo 104 LTDA CNPJ [CNPJ]
DARF código da receita 2089
Código de barras 85640000001234567890123456789012345678901234
Vencimento [DATE] valor total [MONEY]
Ministério da Fazenda Secretaria da Receita Federal do Brasil
Documento de Arrecadação de Receitas Federais",DARF,GuiaPagamento,synthetic
"Ata de reunião pauta 1 aprovação das contas
Código de barras 85640000001234567890123456789012345678901234
Contribuinte: Empresa Exemplo 104 LTDA CNPJ [CNPJ]
Presentes os sócios na sede da sociedade
Autenticação bancária 00000.00000 11111.111111 22222.222222",Desconhecido,Desconhecido,synthetic
"Sindicato dos empregados contribuição confederativa
Boleto de contribuição assistencial
Identificação do sujeito passivo [CNPJ]
Autenticação bancária 00000.00000 11111.111111 22222.222222
Código de barras 85640000001234567890123456789012345678901234
Cedente sindicato código do beneficiário
Vencimento [DATE] valor total [MONEY]",BoletoSindicato,GuiaPagamento,synthetic
"Período de apuração [DATE] a [DATE]
Demonstração de Resultado
Demonstrativo de Resultado
Identificação do sujeito passivo [CNPJ]
Código de barras 85640000001234567890123456789012345678901234
Autenticação bancária 00000.00000 11111.111111 22222.222222",DREMensal,Relatorio,synthetic
"Autenticação bancária 00000.00000 11111.111111 22222.222222
Período de apuração [DATE] a [DATE]
Código de barras 85640000001234567890123456789012345678901234
As partes acima identificadas têm entre si justo e contratado
Contrato de prestação de serviços cláusula primeira",Desconhecido,Desconhecido,synthetic
"Período de apuração [DATE] a [DATE]
Código de barras 85640000001234567890123456789012345678901234
Adiantamento Salarial
Vencimento [DATE] valor total [MONEY]
Adiantamento
Declaro ter recebido a importância líquida",Contracheque,Recibo,synthetic
"Recibo de entrega de Escrituração Fiscal Digital
Autenticação bancária 00000.00000 11111.111111 22222.222222
Período de apuração [DATE] a [DATE]
Vencimento [DATE] valor total [MONEY]
Código de barras 85640000001234567890123456789012345678901234
EFD ICMS IPI número do recibo
Sistema Público de Escrituração Digital SPED",SPEDFiscal,Recibo,synthetic
"Quantidade 10 unidades descrição material de escritório
Pedido de compra ordem 4521
Contribuinte: Empresa Exemplo 104 LTDA CNPJ [CNPJ]
Identificação do sujeito passivo [CNPJ]
Autenticação bancária 00000.00000 11111.111111 22222.222222",Desconhecido,Desconhecido,synthetic
"Contribuinte: Empresa Exemplo 104 LTDA CNPJ [CNPJ]
Ministério da Fazenda Secretaria da Receita Federal do Brasil
DARF código da receita 2089
Identificação do sujeito passivo [CNPJ]
Documento de Arrecadação de Receitas Federais",DARF,GuiaPagamento,synthetic
"1dentificação do sujeito passivo [CNPJ]
155QN 1mposto 5obre 5erviços de Qua1quer Natureza
Prefeitura de Porto A1egre
Autenticação bancária 00000.00000 11111.111111 22222.222222
Guia de reco1himento municipa1",ISSPoa,GuiaPagamento,synthetic
"GFD - Guia do FGTS Digital
Competência da guia FGTS Digital
Fundo de Garantia do Tempo de Serviço
Autenticação bancária 00000.00000 11111.111111 22222.222222
Código de barras 85640000001234567890123456789012345678901234
Vencimento [DATE] valor total [MONEY]
Período de apuração [DATE] a [DATE]",FGTSDigital,GuiaPagamento,synthetic
"ISSQN Imposto Sobre Serviços de Qualquer Natureza
Vencimento [DATE] valor total [MONEY]
Guia de recolhimento municipal
Autenticação bancária 00000.00000 11111.111111 22222.222222
Prefeitura de Porto Alegre",ISSPoa,GuiaPagamento,synthetic
"Autenticação bancária 00000.00000 11111.111111 22222.222222
Prefeitura de Porto Alegre
ISSQN Imposto Sobre Serviços de Qualquer Natureza
Guia de recolhimento municipal
Período de apuração [DATE] a [DATE]",ISSPoa,GuiaPagamento,synthetic
"Contribuinte: Empresa Exemplo 104 LTDA CNPJ [CNPJ]
Adiantamento Salarial
Período de apuração [DATE] a [DATE]
Adiantamento
Declaro ter recebido a importância líquida
Identificação do sujeito passivo [CNPJ]",Contracheque,Recibo,synthetic
"Vencimento [DATE] valor total [MONEY]
Fundo de Garantia do Tempo de Serviço
Contribuinte: Empresa Exemplo 104 LTDA CNPJ [CNPJ]
Identificação do sujeito passivo [CNPJ]
Competência da guia FGTS Digital
GFD - Guia do FGTS Digital
Período de apuração [DATE] a [DATE]",FGTSDigital,GuiaPagamento,synthetic
"Ministério da Fazenda Secretaria da Receita Federal do Brasil
Documento de Arrecadação de Receitas Federais
Autenticação bancária 00000.00000 11111.111111 22222.222222
Período de apuração [DATE] a [DATE]
DARF código da receita 2089",DARF,GuiaPagamento,synthetic
"Autenticação bancária 00000.00000 11111.111111 22222.222222
Identificação do sujeito passivo [CNPJ]
Guia de recolhimento municipal
ISSQN Imposto Sobre Serviços de Qualquer Natureza
Prefeitura de Porto Alegre",ISSPoa,GuiaPagamento,synthetic
"Vencimento [DATE] valor total [MONEY]
Contribuinte: Empresa Exemplo 104 LTDA CNPJ [CNPJ]
Fundo de Garantia do Tempo de Serviço
Período de apuração [DATE] a [DATE]
Código de barras 85640000001234567890123456789012345678901234
GFD - Guia do FGTS Digital
Competência da guia FGTS Digital",FGTSDigital,GuiaPagamento,synthetic
"INSS Guia da Previdência Social GPS
Código de pagamento 2100
Ministério da Previdência Social
Código de barras 85640000001234567890123456789012345678901234
Contribuinte: Empresa Exemplo 104 LTDA CNPJ [CNPJ]",GuiaGPS,GuiaPagamento,synthetic
"Código de barras 85640000001234567890123456789012345678901234
Código de pagamento 2100
INSS Guia da Previdência Social GPS
Contribuinte: Empresa Exemplo 104 LTDA CNPJ [CNPJ]
Ministério da Previdência Social",GuiaGPS,GuiaPagamento,synthetic
"Prefeitura de Porto Alegre
ISSQN Imposto Sobre Serviços de Qualquer Natureza
Guia de recolhimento municipal
Vencimento [DATE] valor total [MONEY]
Identificação do sujeito passivo [CNPJ]
Código de barras 85640000001234567890123456789012345678901234
Contribuinte: Empresa Exemplo 104 LTDA CNPJ [CNPJ]",ISSPoa,GuiaPagamento,synthetic
"Sistema Público de Escrituração Digital SPED
EFD ICMS IPI número do recibo
Período de apuração [DATE] a [DATE]
Código de barras 85640000001234567890123456789012345678901234
Contribuinte: Empresa Exemplo 104 LTDA CNPJ [CNPJ]
Identificação do sujeito passivo [CNPJ]
Recibo de entrega de Escrituração Fiscal Digital",SPEDFiscal,Recibo,synthetic
"Período de apuração [DATE] a [DATE]
Quantidade 10 unidades descrição material de escritório
Vencimento [DATE] valor total [MONEY]
Contribuinte: Empresa Exemplo 104 LTDA CNPJ [CNPJ]
Identificação do sujeito passivo [CNPJ]
Pedido de compra ordem 4521",Desconhecido,Desconhecido,synthetic
"Período de apuração [DATE] a [DATE]
GFD - Guia do FGTS Digital
Competência da guia FGTS Digital
Contribuinte: Empresa Exemplo 104 LTDA CNPJ [CNPJ]
Fundo de Garantia do Tempo de Serviço",FGTSDigital,GuiaPagamento,synthetic
"Autenticação bancária 00000.00000 11111.111111 22222.222222
Receita Federal do Brasil DAS
Vencimento [DATE] valor total [MONEY]
Código de barras 85640000001234567890123456789012345678901234
Documento de Arrecadação do Simples Nacional
Programa Gerador do DAS",SimplesNacional,GuiaPagamento,synthetic
"Competência da guia FGTS Digital
Fundo de Garantia do Tempo de Serviço
GFD - Guia do FGTS Digital
Identificação do sujeito passivo [CNPJ]
Autenticação bancária 00000.00000 11111.111111 22222.222222",FGTSDigital,GuiaPagamento,synthetic
"INSS Guia da Previdência Social GPS
Código de pagamento 2100
Contribuinte: Empresa Exemplo 104 LTDA CNPJ [CNPJ]
Identificação do sujeito passivo [CNPJ]
Autenticação bancária 00000.00000 11111.111111 22222.222222
Ministério da Previdência Social
Código de barras 85640000001234567890123456789012345678901234",GuiaGPS,GuiaPagamento,synthetic
"Quantidade 10 unidades descrição material de escritório
Pedido de compra ordem 4521
Código de barras 85640000001234567890123456789012345678901234
Contribuinte: Empresa Exemplo 104 LTDA CNPJ [CNPJ]",Desconhecido,Desconhecido,synthetic
"Contribuinte: Empresa Exemp1o 104 LTDA CNPJ [CNPJ]
Código de barras 85640000001234567890123456789012345678901234
Documento de Arrecadação de Receitas Federais
Vencimento [DATE] va1or tota1 [MONEY]
DARF código da receita 2089
Ministério da Fazenda 5ecretaria da Receita Federa1 do Brasi1",DARF,GuiaPagamento,synthetic
"Autenticação bancária 00000.00000 11111.111111 22222.222222
5indicato dos empregados contribuição confederativa
Contribuinte: Empresa Exemp1o 104 LTDA CNPJ [CNPJ]
Código de barras 85640000001234567890123456789012345678901234
1dentificação do sujeito passivo [CNPJ]
Cedente sindicato código do beneficiário
Bo1eto de contribuição assistencia1",BoletoSindicato,GuiaPagamento,synthetic
"Boleto de contribuição assistencial
Contribuinte: Empresa Exemplo 104 LTDA CNPJ [CNPJ]
Cedente sindicato código do beneficiário
Autenticação bancária 00000.00000 11111.111111 22222.222222
Período de apuração [DATE] a [DATE]
Sindicato dos empregados contribuição confederativa",BoletoSindicato,GuiaPagamento,synthetic
"Período de apuração [DATE] a [DATE]
Receita Federal do Brasil DAS
Documento de Arrecadação do Simples Nacional
Programa Gerador do DAS
Autenticação bancária 00000.00000 11111.111111 22222.222222
Código de barras 85640000001234567890123456789012345678901234
Identificação do sujeito passivo [CNPJ]",SimplesNacional,GuiaPagamento,synthetic
"Sindicato dos empregados contribuição confederativa
Código de barras 85640000001234567890123456789012345678901234
Vencimento [DATE] valor total [MONEY]
Cedente sindicato código do beneficiário
Identificação do sujeito passivo [CNPJ]
Contribuinte: Empresa Exemplo 104 LTDA CNPJ [CNPJ]
Boleto de contribuição assistencial",BoletoSindicato,GuiaPagamento,synthetic
"Documento de Arrecadação do Simples Nacional
Programa Gerador do DAS
Período de apuração [DATE] a [DATE]
Receita Federal do Brasil DAS
Contribuinte: Empresa Exemplo 104 LTDA CNPJ [CNPJ]
Autenticação bancária 00000.00000 11111.111111 22222.222222",SimplesNacional,GuiaPagamento,synthetic
"Autenticação bancária 00000.00000 11111.111111 22222.222222
Ministério da Previdência 5ocia1
1N55 Guia da Previdência 5ocia1 GP5
Contribuinte: Empresa Exemp1o 104 LTDA CNPJ [CNPJ]
Código de pagamento 2100",GuiaGPS,GuiaPagamento,synthetic
"Guia de recolhimento municipal
Autenticação bancária 00000.00000 11111.111111 22222.222222
Vencimento [DATE] valor total [MONEY]
Identificação do sujeito passivo [CNPJ]
ISSQN Imposto Sobre Serviços de Qualquer Natureza
Código de barras 85640000001234567890123456789012345678901234
Prefeitura de Porto Alegre",ISSPoa,GuiaPagamento,synthetic
"Autenticação bancária 00000.00000 11111.111111 22222.222222
IRRF - Rendimento do trabalho assalariado DCTFWeb
Período de apuração [DATE] a [DATE]
Contribuição previdenciária CONTRPREV
Documento de Arrecadação de Receitas Federais",DCTFWEB,GuiaPagamento,synthetic
"Autenticação bancária 00000.00000 11111.111111 22222.222222
IRRF - Rendimento do trabalho assalariado DCTFWeb
Identificação do sujeito passivo [CNPJ]
Contribuição previdenciária CONTRPREV
Documento de Arrecadação de Receitas Federais",DCTFWEB,GuiaPagamento,synthetic
"ISSQN Imposto Sobre Serviços de Qualquer Natureza
Guia de recolhimento municipal
Contribuinte: Empresa Exemplo 104 LTDA CNPJ [CNPJ]
Período de apuração [DATE] a [DATE]
Prefeitura de Porto Alegre
Identificação do sujeito passivo [CNPJ]
Autenticação bancária 00000.00000 11111.111111 22222.222222",ISSPoa,GuiaPagamento,synthetic
"Autenticação bancária 00000.00000 11111.111111 22222.222222
EFD ICMS IPI número do recibo
Identificação do sujeito passivo [CNPJ]
Código de barras 85640000001234567890123456789012345678901234
Recibo de entrega de Escrituração Fiscal Digital
Sistema Público de Escrituração Digital SPED",SPEDFiscal,Recibo,synthetic
"Período de apuração [DATE] a [DATE]
Sistema Público de Escrituração Digital SPED
Contribuinte: Empresa Exemplo 104 LTDA CNPJ [CNPJ]
Autenticação bancária 00000.00000 11111.111111 22222.222222
EFD ICMS IPI número do recibo
Recibo de entrega de Escrituração Fiscal Digital",SPEDFiscal,Recibo,synthetic
"Contribuinte: Empresa Exemplo 104 LTDA CNPJ [CNPJ]
Período de apuração [DATE] a [DATE]
Vencimento [DATE] valor total [MONEY]
Prefeitura de Porto Alegre
Guia de recolhimento municipal
Código de barras 85640000001234567890123456789012345678901234
ISSQN Imposto Sobre Serviços de Qualquer Natureza",ISSPoa,GuiaPagamento,synthetic
"Período de apuração [DATE] a [DATE]
Código de barras 85640000001234567890123456789012345678901234
Contribuinte: Empresa Exemplo 104 LTDA CNPJ [CNPJ]
Vencimento [DATE] valor total [MONEY]
Guia de recolhimento municipal
Prefeitura de Porto Alegre
ISSQN Imposto Sobre Serviços de Qualquer Natureza",ISSPoa,GuiaPagamento,synthetic
"Identificação do sujeito passivo [CNPJ]
Contribuição previdenciária CONTRPREV
Autenticação bancária 00000.00000 11111.111111 22222.222222
Documento de Arrecadação de Receitas Federais
IRRF - Rendimento do trabalho assalariado DCTFWeb",DCTFWEB,GuiaPagamento,synthetic
"Recibo de entrega de Escrituração Fiscal Digital
Sistema Público de Escrituração Digital SPED
Período de apuração [DATE] a [DATE]
EFD ICMS IPI número do recibo
Autenticação bancária 00000.00000 11111.111111 22222.222222",SPEDFiscal,Recibo,synthetic
"IRRF - Rendimento do trabalho assalariado DCTFWeb
Contribuição previdenciária CONTRPREV
Identificação do sujeito passivo [CNPJ]
Período de apuração [DATE] a [DATE]
Documento de Arrecadação de Receitas Federais
Autenticação bancária 00000.00000 11111.111111 22222.222222",DCTFWEB,GuiaPagamento,synthetic
"Código de pagamento 2100
Contribuinte: Empresa Exemplo 104 LTDA CNPJ [CNPJ]
Período de apuração [DATE] a [DATE]
INSS Guia da Previdência Social GPS
Autenticação bancária 00000.00000 11111.111111 22222.222222
Ministério da Previdência Social",GuiaGPS,GuiaPagamento,synthetic
"Fundo de Garantia do Tempo de Serviço
GFD - Guia do FGTS Digital
Período de apuração [DATE] a [DATE]
Competência da guia FGTS Digital
Código de barras 85640000001234567890123456789012345678901234",FGTSDigital,GuiaPagamento,synthetic
"Contribuinte: Empresa Exemplo 104 LTDA CNPJ [CNPJ]
Código de barras 85640000001234567890123456789012345678901234
Declaro ter recebido a importância líquida
Adiantamento
Vencimento [DATE] valor total [MONEY]
Adiantamento Salarial",Contracheque,Recibo,synthetic
"Contribuinte: Empresa Exemplo 104 LTDA CNPJ [CNPJ]
Vencimento [DATE] valor total [MONEY]
Guia de recolhimento municipal
ISSQN Imposto Sobre Serviços de Qualquer Natureza
Identificação do sujeito passivo [CNPJ]
Prefeitura de Porto Alegre
Código de barras 85640000001234567890123456789012345678901234",ISSPoa,GuiaPagamento,synthetic
"Cedente sindicato código do beneficiário
Código de barras 85640000001234567890123456789012345678901234
Boleto de contribuição assistencial
Sindicato dos empregados contribuição confederativa
Identificação do sujeito passivo [CNPJ]
Período de apuração [DATE] a [DATE]",BoletoSindicato,GuiaPagamento,synthetic
"Vencimento [DATE] valor total [MONEY]
Demonstração de Resultado
Demonstrativo de Resultado
Identificação do sujeito passivo [CNPJ]",DREMensal,Relatorio,synthetic
"Vencimento [DATE] va1or tota1 [MONEY]
Adiantamento 5a1aria1
Contribuinte: Empresa Exemp1o 104 LTDA CNPJ [CNPJ]
Adiantamento
1dentificação do sujeito passivo [CNPJ]
Dec1aro ter recebido a importância 1íquida",Contracheque,Recibo,synthetic
"Demonstrativo de Resultado
Identificação do sujeito passivo [CNPJ]
Demonstração de Resultado
Autenticação bancária 00000.00000 11111.111111 22222.222222
Contribuinte: Empresa Exemplo 104 LTDA CNPJ [CNPJ]
Vencimento [DATE] valor total [MONEY]",DREMensal,Relatorio,synthetic
"Competência da guia FGTS Digital
GFD - Guia do FGTS Digital
Fundo de Garantia do Tempo de Serviço
Contribuinte: Empresa Exemplo 104 LTDA CNPJ [CNPJ]
Vencimento [DATE] valor total [MONEY]
Período de apuração [DATE] a [DATE]",FGTSDigital,GuiaPagamento,synthetic
"Competência da guia FGTS Digital
Vencimento [DATE] valor total [MONEY]
Fundo de Garantia do Tempo de Serviço
Identificação do sujeito passivo [CNPJ]
GFD - Guia do FGTS Digital
Código de barras 85640000001234567890123456789012345678901234
Contribuinte: Empresa Exemplo 104 LTDA CNPJ [CNPJ]",FGTSDigital,GuiaPagamento,synthetic
"Adiantamento Salarial
Contribuinte: Empresa Exemplo 104 LTDA CNPJ [CNPJ]
Declaro ter recebido a importância líquida
Vencimento [DATE] valor total [MONEY]
Autenticação bancária 00000.00000 11111.111111 22222.222222
Adiantamento
Período de apuração [DATE] a [DATE]",Contracheque,Recibo,synthetic
"Vencimento [DATE] valor total [MONEY]
Quantidade 10 unidades descrição material de escritório
Pedido de compra ordem 4521
Autenticação bancária 00000.00000 11111.111111 22222.222222
Período de apuração [DATE] a [DATE]",Desconhecido,Desconhecido,synthetic
"Contribuinte: Empresa Exemplo 104 LTDA CNPJ [CNPJ]
Guia de recolhimento municipal
Prefeitura de Porto Alegre
ISSQN Imposto Sobre Serviços de Qualquer Natureza
Vencimento [DATE] valor total [MONEY]",ISSPoa,GuiaPagamento,synthetic
"Identificação do sujeito passivo [CNPJ]
Prefeitura de Porto Alegre
Período de apuração [DATE] a [DATE]
Vencimento [DATE] valor total [MONEY]
Contribuinte: Empresa Exemplo 104 LTDA CNPJ [CNPJ]
Guia de recolhimento municipal
ISSQN Imposto Sobre Serviços de Qualquer Natureza",ISSPoa,GuiaPagamento,synthetic
"Autenticação bancária 00000.00000 11111.111111 22222.222222
Guia de Arrecadação - GA
Contribuinte: Empresa Exemp1o 104 LTDA CNPJ [CNPJ]
Guia de Arrecadação
Estado do Rio Grande Do 5u1
Código de barras 85640000001234567890123456789012345678901234",GARS,GuiaPagamento,synthetic
"Identificação do sujeito passivo [CNPJ]
Ministério da Previdência Social
Período de apuração [DATE] a [DATE]
Código de pagamento 2100
Código de barras 85640000001234567890123456789012345678901234
INSS Guia da Previdência Social GPS
Vencimento [DATE] valor total [MONEY]",GuiaGPS,GuiaPagamento,synthetic
"Período de apuração [DATE] a [DATE]
Guia de Arrecadação - GA
Vencimento [DATE] valor total [MONEY]
Autenticação bancária 00000.00000 11111.111111 22222.222222
Guia de Arrecadação
Estado do Rio Grande Do Sul",GARS,GuiaPagamento,synthetic
"DARF código da receita 2089
Vencimento [DATE] valor total [MONEY]
Ministério da Fazenda Secretaria da Receita Federal do Brasil
Autenticação bancária 00000.00000 11111.111111 22222.222222
Código de barras 85640000001234567890123456789012345678901234
Documento de Arrecadação de Receitas Federais
Período de apuração [DATE] a [DATE]",DARF,GuiaPagamento,synthetic
"GFD - Guia do FGT5 Digita1
Fundo de Garantia do Tempo de 5erviço
Competência da guia FGT5 Digita1
1dentificação do sujeito passivo [CNPJ]
Código de barras 85640000001234567890123456789012345678901234
Contribuinte: Empresa Exemp1o 104 LTDA CNPJ [CNPJ]",FGTSDigital,GuiaPagamento,synthetic
"Sindicato dos empregados contribuição confederativa
Boleto de contribuição assistencial
Autenticação bancária 00000.00000 11111.111111 22222.222222
Cedente sindicato código do beneficiário
Vencimento [DATE] valor total [MONEY]
Período de apuração [DATE] a [DATE]
Contribuinte: Empresa Exemplo 104 LTDA CNPJ [CNPJ]",BoletoSindicato,GuiaPagamento,synthetic
"Sistema Público de Escrituração Digital SPED
EFD ICMS IPI número do recibo
Código de barras 85640000001234567890123456789012345678901234
Identificação do sujeito passivo [CNPJ]
Vencimento [DATE] valor total [MONEY]
Recibo de entrega de Escrituração Fiscal Digital
Contribuinte: Empresa Exemplo 104 LTDA CNPJ [CNPJ]",SPEDFiscal,Recibo,synthetic
"Vencimento [DATE] valor total [MONEY]
Identificação do sujeito passivo [CNPJ]
GFD - Guia do FGTS Digital
Competência da guia FGTS Digital
Contribuinte: Empresa Exemplo 104 LTDA CNPJ [CNPJ]
Fundo de Garantia do Tempo de Serviço",FGTSDigital,GuiaPagamento,synthetic
"Presentes os sócios na sede da sociedade
Ata de reunião pauta 1 aprovação das contas
Contribuinte: Empresa Exemplo 104 LTDA CNPJ [CNPJ]
Identificação do sujeito passivo [CNPJ]
Código de barras 85640000001234567890123456789012345678901234",Desconhecido,Desconhecido,synthetic
"Vencimento [DATE] valor total [MONEY]
Ministério da Fazenda Secretaria da Receita Federal do Brasil
Código de barras 85640000001234567890123456789012345678901234
Identificação do sujeito passivo [CNPJ]
DARF código da receita 2089
Período de apuração [DATE] a [DATE]
Documento de Arrecadação de Receitas Federais",DARF,GuiaPagamento,synthetic
"Período de apuração [DATE] a [DATE]
Vencimento [DATE] va1or tota1 [MONEY]
Código de barras 85640000001234567890123456789012345678901234
Contribuinte: Empresa Exemp1o 104 LTDA CNPJ [CNPJ]
Recibo de entrega de Escrituração Fisca1 Digita1
5istema Púb1ico de Escrituração Digita1 5PED
EFD 1CM5 1P1 número do recibo",SPEDFiscal,Recibo,synthetic
"Período de apuração [DATE] a [DATE]
Autenticação bancária 00000.00000 11111.111111 22222.222222
IRRF - Rendimento do trabalho assalariado DCTFWeb
Código de barras 85640000001234567890123456789012345678901234
Identificação do sujeito passivo [CNPJ]
Contribuição previdenciária CONTRPREV
Documento de Arrecadação de Receitas Federais",DCTFWEB,GuiaPagamento,synthetic
"Período de apuração [DATE] a [DATE]
Vencimento [DATE] valor total [MONEY]
Contribuição previdenciária CONTRPREV
Documento de Arrecadação de Receitas Federais
IRRF - Rendimento do trabalho assalariado DCTFWeb",DCTFWEB,GuiaPagamento,synthetic
"1N55 Guia da Previdência 5ocia1 GP5
Código de pagamento 2100
Código de barras 85640000001234567890123456789012345678901234
Ministério da Previdência 5ocia1
Autenticação bancária 00000.00000 11111.111111 22222.222222",GuiaGPS,GuiaPagamento,synthetic
"Período de apuração [DATE] a [DATE]
Fundo de Garantia do Tempo de Serviço
Competência da guia FGTS Digital
Autenticação bancária 00000.00000 11111.111111 22222.222222
GFD - Guia do FGTS Digital
Contribuinte: Empresa Exemplo 104 LTDA CNPJ [CNPJ]",FGTSDigital,GuiaPagamento,synthetic
"Período de apuração [DATE] a [DATE]
Vencimento [DATE] va1or tota1 [MONEY]
Documento de Arrecadação de Receitas Federais
DARF código da receita 2089
Código de barras 85640000001234567890123456789012345678901234
Autenticação bancária 00000.00000 11111.111111 22222.222222
Ministério da Fazenda 5ecretaria da Receita Federa1 do Brasi1",DARF,GuiaPagamento,synthetic
"Contribuinte: Empresa Exemp1o 104 LTDA CNPJ [CNPJ]
Documento de Arrecadação de Receitas Federais
Ministério da Fazenda 5ecretaria da Receita Federa1 do Brasi1
DARF código da receita 2089
Período de apuração [DATE] a [DATE]
Autenticação bancária 00000.00000 11111.111111 22222.222222
Código de barras 85640000001234567890123456789012345678901234",DARF,GuiaPagamento,synthetic
"Código de pagamento 2100
Autenticação bancária 00000.00000 11111.111111 22222.222222
Identificação do sujeito passivo [CNPJ]
INSS Guia da Previdência Social GPS
Vencimento [DATE] valor total [MONEY]
Ministério da Previdência Social",GuiaGPS,GuiaPagamento,synthetic
"Contribuição previdenciária CONTRPREV
Código de barras 85640000001234567890123456789012345678901234
IRRF - Rendimento do trabalho assalariado DCTFWeb
Identificação do sujeito passivo [CNPJ]
Documento de Arrecadação de Receitas Federais
Autenticação bancária 00000.00000 11111.111111 22222.222222
Vencimento [DATE] valor total [MONEY]",DCTFWEB,GuiaPagamento,synthetic
"Código de pagamento 2100
Período de apuração [DATE] a [DATE]
Contribuinte: Empresa Exemplo 104 LTDA CNPJ [CNPJ]
Vencimento [DATE] valor total [MONEY]
Autenticação bancária 00000.00000 11111.111111 22222.222222
INSS Guia da Previdência Social GPS
Ministério da Previdência Social",GuiaGPS,GuiaPagamento,synthetic
"Adiantamento Salarial
Identificação do sujeito passivo [CNPJ]
Vencimento [DATE] valor total [MONEY]
Declaro ter recebido a importância líquida
Adiantamento
Código de barras 85640000001234567890123456789012345678901234",Contracheque,Recibo,synthetic
"Adiantamento
Contribuinte: Empresa Exemplo 104 LTDA CNPJ [CNPJ]
Declaro ter recebido a importância líquida
Adiantamento Salarial
Vencimento [DATE] valor total [MONEY]
Autenticação bancária 00000.00000 11111.111111 22222.222222
Período de apuração [DATE] a [DATE]",Contracheque,Recibo,synthetic
"Identificação do sujeito passivo [CNPJ]
Boleto de contribuição assistencial
Contribuinte: Empresa Exemplo 104 LTDA CNPJ [CNPJ]
Cedente sindicato código do beneficiário
Sindicato dos empregados contribuição confederativa",BoletoSindicato,GuiaPagamento,synthetic
"Contribuinte: Empresa Exemplo 104 LTDA CNPJ [CNPJ]
Código de barras 85640000001234567890123456789012345678901234
Fundo de Garantia do Tempo de Serviço
Vencimento [DATE] valor total [MONEY]
Competência da guia FGTS Digital
GFD - Guia do FGTS Digital",FGTSDigital,GuiaPagamento,synthetic
"5istema Púb1ico de Escrituração Digita1 5PED
Contribuinte: Empresa Exemp1o 104 LTDA CNPJ [CNPJ]
EFD 1CM5 1P1 número do recibo
1dentificação do sujeito passivo [CNPJ]
Recibo de entrega de Escrituração Fisca1 Digita1",SPEDFiscal,Recibo,synthetic
"Ministério da Previdência Social
Vencimento [DATE] valor total [MONEY]
Período de apuração [DATE] a [DATE]
Código de pagamento 2100
INSS Guia da Previdência Social GPS
Autenticação bancária 00000.00000 11111.111111 22222.222222",GuiaGPS,GuiaPagamento,synthetic
"Adiantamento
Período de apuração [DATE] a [DATE]
Adiantamento Salarial
Declaro ter recebido a importância líquida
Identificação do sujeito passivo [CNPJ]",Contracheque,Recibo,synthetic
"Declaro ter recebido a importância líquida
Vencimento [DATE] valor total [MONEY]
Autenticação bancária 00000.00000 11111.111111 22222.222222
Período de apuração [DATE] a [DATE]
Adiantamento
Adiantamento Salarial",Contracheque,Recibo,synthetic
"Identificação do sujeito passivo [CNPJ]
Período de apuração [DATE] a [DATE]
Contrato de prestação de serviços cláusula primeira
As partes acima identificadas têm entre si justo e contratado",Desconhecido,Desconhecido,synthetic
"Código de barras 85640000001234567890123456789012345678901234
Vencimento [DATE] valor total [MONEY]
Identificação do sujeito passivo [CNPJ]
Ministério da Fazenda Secretaria da Receita Federal do Brasil
DARF código da receita 2089
Documento de Arrecadação de Receitas Federais
Período de apuração [DATE] a [DATE]",DARF,GuiaPagamento,synthetic
"Prefeitura de Porto Alegre
Vencimento [DATE] valor total [MONEY]
Código de barras 85640000001234567890123456789012345678901234
ISSQN Imposto Sobre Serviços de Qualquer Natureza
Identificação do sujeito passivo [CNPJ]
Guia de recolhimento municipal
Período de apuração [DATE] a [DATE]",ISSPoa,GuiaPagamento,synthetic
"Boleto de contribuição assistencial
Cedente sindicato código do beneficiário
Período de apuração [DATE] a [DATE]
Sindicato dos empregados contribuição confederativa
Vencimento [DATE] valor total [MONEY]",BoletoSindicato,GuiaPagamento,synthetic
"Boleto de contribuição assistencial
Cedente sindicato código do beneficiário
Contribuinte: Empresa Exemplo 104 LTDA CNPJ [CNPJ]
Sindicato dos empregados contribuição confederativa
Autenticação bancária 00000.00000 11111.111111 22222.222222
Identificação do sujeito passivo [CNPJ]",BoletoSindicato,GuiaPagamento,synthetic
"Sindicato dos empregados contribuição confederativa
Cedente sindicato código do beneficiário
Boleto de contribuição assistencial
Período de apuração [DATE] a [DATE]
Vencimento [DATE] valor total [MONEY]
Identificação do sujeito passivo [CNPJ]
Contribuinte: Empresa Exemplo 104 LTDA CNPJ [CNPJ]",BoletoSindicato,GuiaPagamento,synthetic
"Pedido de compra ordem 4521
Vencimento [DATE] valor total [MONEY]
Autenticação bancária 00000.00000 11111.111111 22222.222222
Quantidade 10 unidades descrição material de escritório
Contribuinte: Empresa Exemplo 104 LTDA CNPJ [CNPJ]",Desconhecido,Desconhecido,synthetic
"Vencimento [DATE] valor total [MONEY]
Sistema Público de Escrituração Digital SPED
Recibo de entrega de Escrituração Fiscal Digital
Contribuinte: Empresa Exemplo 104 LTDA CNPJ [CNPJ]
EFD ICMS IPI número do recibo
Autenticação bancária 00000.00000 11111.111111 22222.222222",SPEDFiscal,Recibo,synthetic
"Período de apuração [DATE] a [DATE]
Identificação do sujeito passivo [CNPJ]
Boleto de contribuição assistencial
Código de barras 85640000001234567890123456789012345678901234
Cedente sindicato código do beneficiário
Autenticação bancária 00000.00000 11111.111111 22222.222222
Sindicato dos empregados contribuição confederativa",BoletoSindicato,GuiaPagamento,synthetic
"Boleto de contribuição assistencial
Sindicato dos empregados contribuição confederativa
Código de barras 85640000001234567890123456789012345678901234
Vencimento [DATE] valor total [MONEY]
Cedente sindicato código do beneficiário
Identificação do sujeito passivo [CNPJ]
Autenticação bancária 00000.00000 11111.111111 22222.222222",BoletoSindicato,GuiaPagamento,synthetic
"Período de apuração [DATE] a [DATE]
Contribuinte: Empresa Exemplo 104 LTDA CNPJ [CNPJ]
Guia de Arrecadação - GA
Estado do Rio Grande Do Sul
Guia de Arrecadação
Autenticação bancária 00000.00000 11111.111111 22222.222222",GARS,GuiaPagamento,synthetic
"Pedido de compra ordem 4521
Quantidade 10 unidades descrição materia1 de escritório
Autenticação bancária 00000.00000 11111.111111 22222.222222
Período de apuração [DATE] a [DATE]",Desconhecido,Desconhecido,synthetic
"Período de apuração [DATE] a [DATE]
Demonstrativo de Resultado
Identificação do sujeito passivo [CNPJ]
Vencimento [DATE] valor total [MONEY]
Autenticação bancária 00000.00000 11111.111111 22222.222222
Demonstração de Resultado",DREMensal,Relatorio,synthetic
"Vencimento [DATE] valor total [MONEY]
Documento de Arrecadação de Receitas Federais
Contribuição previdenciária CONTRPREV
Autenticação bancária 00000.00000 11111.111111 22222.222222
Período de apuração [DATE] a [DATE]
Contribuinte: Empresa Exemplo 104 LTDA CNPJ [CNPJ]
IRRF - Rendimento do trabalho assalariado DCTFWeb",DCTFWEB,GuiaPagamento,synthetic
"Adiantamento Salarial
Adiantamento
Vencimento [DATE] valor total [MONEY]
Declaro ter recebido a importância líquida
Identificação do sujeito passivo [CNPJ]
Contribuinte: Empresa Exemplo 104 LTDA CNPJ [CNPJ]",Contracheque,Recibo,synthetic
"Vencimento [DATE] valor total [MONEY]
Autenticação bancária 00000.00000 11111.111111 22222.222222
INSS Guia da Previdência Social GPS
Ministério da Previdência Social
Código de pagamento 2100",GuiaGPS,GuiaPagamento,synthetic
"Identificação do sujeito passivo [CNPJ]
Demonstração de Resultado
Demonstrativo de Resultado
Autenticação bancária 00000.00000 11111.111111 22222.222222
Vencimento [DATE] valor total [MONEY]",DREMensal,Relatorio,synthetic
"Fundo de Garantia do Tempo de Serviço
GFD - Guia do FGTS Digital
Período de apuração [DATE] a [DATE]
Identificação do sujeito passivo [CNPJ]
Código de barras 85640000001234567890123456789012345678901234
Competência da guia FGTS Digital",FGTSDigital,GuiaPagamento,synthetic
"Guia de recolhimento municipal
Contribuinte: Empresa Exemplo 104 LTDA CNPJ [CNPJ]
ISSQN Imposto Sobre Serviços de Qualquer Natureza
Prefeitura de Porto Alegre
Identificação do sujeito passivo [CNPJ]
Autenticação bancária 00000.00000 11111.111111 22222.222222",ISSPoa,GuiaPagamento,synthetic
"Código de barras 85640000001234567890123456789012345678901234
Período de apuração [DATE] a [DATE]
Identificação do sujeito passivo [CNPJ]
DARF código da receita 2089
Ministério da Fazenda Secretaria da Receita Federal do Brasil
Contribuinte: Empresa Exemplo 104 LTDA CNPJ [CNPJ]
Documento de Arrecadação de Receitas Federais",DARF,GuiaPagamento,synthetic
"Cedente sindicato código do beneficiário
Contribuinte: Empresa Exemplo 104 LTDA CNPJ [CNPJ]
Boleto de contribuição assistencial
Identificação do sujeito passivo [CNPJ]
Sindicato dos empregados contribuição confederativa",BoletoSindicato,GuiaPagamento,synthetic
"Recibo de entrega de Escrituração Fiscal Digital
Autenticação bancária 00000.00000 11111.111111 22222.222222
Sistema Público de Escrituração Digital SPED
Código de barras 85640000001234567890123456789012345678901234
EFD ICMS IPI número do recibo
Identificação do sujeito passivo [CNPJ]
Vencimento [DATE] valor total [MONEY]",SPEDFiscal,Recibo,synthetic
"Código de barras 85640000001234567890123456789012345678901234
Prefeitura de Porto Alegre
Contribuinte: Empresa Exemplo 104 LTDA CNPJ [CNPJ]
Vencimento [DATE] valor total [MONEY]
Guia de recolhimento municipal
Período de apuração [DATE] a [DATE]
ISSQN Imposto Sobre Serviços de Qualquer Natureza",ISSPoa,GuiaPagamento,synthetic
"Guia de Arrecadação - GA
Estado do Rio Grande Do Sul
Vencimento [DATE] valor total [MONEY]
Código de barras 85640000001234567890123456789012345678901234
Autenticação bancária 00000.00000 11111.111111 22222.222222
Guia de Arrecadação
Período de apuração [DATE] a [DATE]",GARS,GuiaPagamento,synthetic
"Período de apuração [DATE] a [DATE]
As partes acima identificadas têm entre si justo e contratado
Contrato de prestação de serviços cláusula primeira
Contribuinte: Empresa Exemplo 104 LTDA CNPJ [CNPJ]
Vencimento [DATE] valor total [MONEY]",Desconhecido,Desconhecido,synthetic
"Cedente sindicato código do beneficiário
Sindicato dos empregados contribuição confederativa
Boleto de contribuição assistencial
Código de barras 85640000001234567890123456789012345678901234
Autenticação bancária 00000.00000 11111.111111 22222.222222
Contribuinte: Empresa Exemplo 104 LTDA CNPJ [CNPJ]",BoletoSindicato,GuiaPagamento,synthetic
"Código de barras 85640000001234567890123456789012345678901234
Período de apuração [DATE] a [DATE]
Autenticação bancária 00000.00000 11111.111111 22222.222222
Documento de Arrecadação de Receitas Federais
Vencimento [DATE] valor total [MONEY]
Ministério da Fazenda Secretaria da Receita Federal do Brasil
DARF código da receita 2089",DARF,GuiaPagamento,synthetic
"Identificação do sujeito passivo [CNPJ]
Autenticação bancária 00000.00000 11111.111111 22222.222222
Adiantamento
Período de apuração [DATE] a [DATE]
Declaro ter recebido a importância líquida
Adiantamento Salarial",Contracheque,Recibo,synthetic
"Guia de recolhimento municipal
Prefeitura de Porto Alegre
Autenticação bancária 00000.00000 11111.111111 22222.222222
ISSQN Imposto Sobre Serviços de Qualquer Natureza
Vencimento [DATE] valor total [MONEY]",ISSPoa,GuiaPagamento,synthetic
"IRRF - Rendimento do trabalho assalariado DCTFWeb
Contribuição previdenciária CONTRPREV
Documento de Arrecadação de Receitas Federais
Vencimento [DATE] valor total [MONEY]
Identificação do sujeito passivo [CNPJ]",DCTFWEB,GuiaPagamento,synthetic
"Período de apuração [DATE] a [DATE]
ISSQN Imposto Sobre Serviços de Qualquer Natureza
Identificação do sujeito passivo [CNPJ]
Vencimento [DATE] valor total [MONEY]
Código de barras 85640000001234567890123456789012345678901234
Guia de recolhimento municipal
Prefeitura de Porto Alegre",ISSPoa,GuiaPagamento,synthetic
"Período de apuração [DATE] a [DATE]
Código de pagamento 2100
INSS Guia da Previdência Social GPS
Código de barras 85640000001234567890123456789012345678901234
Vencimento [DATE] valor total [MONEY]
Ministério da Previdência Social",GuiaGPS,GuiaPagamento,synthetic
"Identificação do sujeito passivo [CNPJ]
Presentes os sócios na sede da sociedade
Ata de reunião pauta 1 aprovação das contas
Contribuinte: Empresa Exemplo 104 LTDA CNPJ [CNPJ]
Autenticação bancária 00000.00000 11111.111111 22222.222222",Desconhecido,Desconhecido,synthetic
"Guia de recolhimento municipal
ISSQN Imposto Sobre Serviços de Qualquer Natureza
Prefeitura de Porto Alegre
Identificação do sujeito passivo [CNPJ]
Código de barras 85640000001234567890123456789012345678901234
Período de apuração [DATE] a [DATE]",ISSPoa,GuiaPagamento,synthetic
"Período de apuração [DATE] a [DATE]
Identificação do sujeito passivo [CNPJ]
Guia de Arrecadação
Guia de Arrecadação - GA
Autenticação bancária 00000.00000 11111.111111 22222.222222
Estado do Rio Grande Do Sul",GARS,GuiaPagamento,synthetic
"Autenticação bancária 00000.00000 11111.111111 22222.222222
Vencimento [DATE] valor total [MONEY]
Contribuinte: Empresa Exemplo 104 LTDA CNPJ [CNPJ]
Documento de Arrecadação de Receitas Federais
Código de barras 85640000001234567890123456789012345678901234
Contribuição previdenciária CONTRPREV
IRRF - Rendimento do trabalho assalariado DCTFWeb",DCTFWEB,GuiaPagamento,synthetic
"Adiantamento Salarial
Declaro ter recebido a importância líquida
Autenticação bancária 00000.00000 11111.111111 22222.222222
Código de barras 85640000001234567890123456789012345678901234
Período de apuração [DATE] a [DATE]
Contribuinte: Empresa Exemplo 104 LTDA CNPJ [CNPJ]
Adiantamento",Contracheque,Recibo,synthetic
"Código de barras 85640000001234567890123456789012345678901234
Recibo de entrega de Escrituração Fiscal Digital
Sistema Público de Escrituração Digital SPED
Vencimento [DATE] valor total [MONEY]
EFD ICMS IPI número do recibo
Período de apuração [DATE] a [DATE]
Contribuinte: Empresa Exemplo 104 LTDA CNPJ [CNPJ]",SPEDFiscal,Recibo,synthetic
"Sistema Público de Escrituração Digital SPED
Código de barras 85640000001234567890123456789012345678901234
Recibo de entrega de Escrituração Fiscal Digital
Vencimento [DATE] valor total [MONEY]
EFD ICMS IPI número do recibo",SPEDFiscal,Recibo,synthetic
"Código de barras 85640000001234567890123456789012345678901234
Contribuição previdenciária CONTRPREV
Vencimento [DATE] valor total [MONEY]
Contribuinte: Empresa Exemplo 104 LTDA CNPJ [CNPJ]
Documento de Arrecadação de Receitas Federais
IRRF - Rendimento do trabalho assalariado DCTFWeb",DCTFWEB,GuiaPagamento,synthetic
"Período de apuração [DATE] a [DATE]
Código de barras 85640000001234567890123456789012345678901234
Guia de Arrecadação
Estado do Rio Grande Do Sul
Guia de Arrecadação - GA
Vencimento [DATE] valor total [MONEY]",GARS,GuiaPagamento,synthetic
"Estado do Rio Grande Do Sul
Guia de Arrecadação
Guia de Arrecadação - GA
Vencimento [DATE] valor total [MONEY]
Código de barras 85640000001234567890123456789012345678901234
Autenticação bancária 00000.00000 11111.111111 22222.222222",GARS,GuiaPagamento,synthetic
"Documento de Arrecadação de Receitas Federais
DARF código da receita 2089
Ministério da Fazenda Secretaria da Receita Federal do Brasil
Código de barras 85640000001234567890123456789012345678901234
Autenticação bancária 00000.00000 11111.111111 22222.222222",DARF,GuiaPagamento,synthetic
"Identificação do sujeito passivo [CNPJ]
Contribuinte: Empresa Exemplo 104 LTDA CNPJ [CNPJ]
Período de apuração [DATE] a [DATE]
Contrato de prestação de serviços cláusula primeira
Autenticação bancária 00000.00000 11111.111111 22222.222222
As partes acima identificadas têm entre si justo e contratado",Desconhecido,Desconhecido,synthetic
"Sindicato dos empregados contribuição confederativa
Vencimento [DATE] valor total [MONEY]
Boleto de contribuição assistencial
Contribuinte: Empresa Exemplo 104 LTDA CNPJ [CNPJ]
Identificação do sujeito passivo [CNPJ]
Autenticação bancária 00000.00000 11111.111111 22222.222222
Cedente sindicato código do beneficiário",BoletoSindicato,GuiaPagamento,synthetic
"Identificação do sujeito passivo [CNPJ]
INSS Guia da Previdência Social GPS
Código de pagamento 2100
Autenticação bancária 00000.00000 11111.111111 22222.222222
Ministério da Previdência Social",GuiaGPS,GuiaPagamento,synthetic
"Código de barras 85640000001234567890123456789012345678901234
Identificação do sujeito passivo [CNPJ]
Guia de Arrecadação
Estado do Rio Grande Do Sul
Guia de Arrecadação - GA",GARS,GuiaPagamento,synthetic
"Demonstrativo de Resultado
Contribuinte: Empresa Exemplo 104 LTDA CNPJ [CNPJ]
Demonstração de Resultado
Autenticação bancária 00000.00000 11111.111111 22222.222222",DREMensal,Relatorio,synthetic
"Sistema Público de Escrituração Digital SPED
Vencimento [DATE] valor total [MONEY]
EFD ICMS IPI número do recibo
Recibo de entrega de Escrituração Fiscal Digital
Período de apuração [DATE] a [DATE]
Autenticação bancária 00000.00000 11111.111111 22222.222222
Contribuinte: Empresa Exemplo 104 LTDA CNPJ [CNPJ]",SPEDFiscal,Recibo,synthetic
"Contribuinte: Empresa Exemplo 104 LTDA CNPJ [CNPJ]
Vencimento [DATE] valor total [MONEY]
Contrato de prestação de serviços cláusula primeira
Identificação do sujeito passivo [CNPJ]
As partes acima identificadas têm entre si justo e contratado",Desconhecido,Desconhecido,synthetic
"Contribuinte: Empresa Exemplo 104 LTDA CNPJ [CNPJ]
Ata de reunião pauta 1 aprovação das contas
Código de barras 85640000001234567890123456789012345678901234
Presentes os sócios na sede da sociedade",Desconhecido,Desconhecido,synthetic
"5indicato dos empregados contribuição confederativa
1dentificação do sujeito passivo [CNPJ]
Código de barras 85640000001234567890123456789012345678901234
Bo1eto de contribuição assistencia1
Cedente sindicato código do beneficiário",BoletoSindicato,GuiaPagamento,synthetic
"Identificação do sujeito passivo [CNPJ]
Sistema Público de Escrituração Digital SPED
Código de barras 85640000001234567890123456789012345678901234
EFD ICMS IPI número do recibo
Autenticação bancária 00000.00000 11111.111111 22222.222222
Recibo de entrega de Escrituração Fiscal Digital",SPEDFiscal,Recibo,synthetic
"Autenticação bancária 00000.00000 11111.111111 22222.222222
Contribuinte: Empresa Exemplo 104 LTDA CNPJ [CNPJ]
Sindicato dos empregados contribuição confederativa
Boleto de contribuição assistencial
Identificação do sujeito passivo [CNPJ]
Código de barras 85640000001234567890123456789012345678901234
Cedente sindicato código do beneficiário",BoletoSindicato,GuiaPagamento,synthetic
"Prefeitura de Porto Alegre
Contribuinte: Empresa Exemplo 104 LTDA CNPJ [CNPJ]
Identificação do sujeito passivo [CNPJ]
ISSQN Imposto Sobre Serviços de Qualquer Natureza
Guia de recolhimento municipal",ISSPoa,GuiaPagamento,synthetic
"Cedente sindicato código do beneficiário
Código de barras 85640000001234567890123456789012345678901234
Período de apuração [DATE] a [DATE]
Boleto de contribuição assistencial
Autenticação bancária 00000.00000 11111.111111 22222.222222
Sindicato dos empregados contribuição confederativa",BoletoSindicato,GuiaPagamento,synthetic
"Identificação do sujeito passivo [CNPJ]
Demonstrativo de Resultado
Demonstração de Resultado
Vencimento [DATE] valor total [MONEY]",DREMensal,Relatorio,synthetic
"Autenticação bancária 00000.00000 11111.111111 22222.222222
Pedido de compra ordem 4521
Quantidade 10 unidades descrição material de escritório
Contribuinte: Empresa Exemplo 104 LTDA CNPJ [CNPJ]",Desconhecido,Desconhecido,synthetic
"Código de barras 85640000001234567890123456789012345678901234
Sistema Público de Escrituração Digital SPED
Período de apuração [DATE] a [DATE]
EFD ICMS IPI número do recibo
Recibo de entrega de Escrituração Fiscal Digital",SPEDFiscal,Recibo,synthetic
"Competência da guia FGT5 Digita1
Contribuinte: Empresa Exemp1o 104 LTDA CNPJ [CNPJ]
Autenticação bancária 00000.00000 11111.111111 22222.222222
Vencimento [DATE] va1or tota1 [MONEY]
Fundo de Garantia do Tempo de 5erviço
1dentificação do sujeito passivo [CNPJ]
GFD - Guia do FGT5 Digita1",FGTSDigital,GuiaPagamento,synthetic
"1RRF - Rendimento do traba1ho assa1ariado DCTFWeb
Contribuição previdenciária C0NTRPREV
Vencimento [DATE] va1or tota1 [MONEY]
Documento de Arrecadação de Receitas Federais
Período de apuração [DATE] a [DATE]",DCTFWEB,GuiaPagamento,synthetic
"Prefeitura de Porto Alegre
Contribuinte: Empresa Exemplo 104 LTDA CNPJ [CNPJ]
ISSQN Imposto Sobre Serviços de Qualquer Natureza
Vencimento [DATE] valor total [MONEY]
Guia de recolhimento municipal
Autenticação bancária 00000.00000 11111.111111 22222.222222",ISSPoa,GuiaPagamento,synthetic
"GFD - Guia do FGTS Digital
Código de barras 85640000001234567890123456789012345678901234
Período de apuração [DATE] a [DATE]
Identificação do sujeito passivo [CNPJ]
Autenticação bancária 00000.00000 11111.111111 22222.222222
Competência da guia FGTS Digital
Fundo de Garantia do Tempo de Serviço",FGTSDigital,GuiaPagamento,synthetic
"Demonstrativo de Resultado
Código de barras 85640000001234567890123456789012345678901234
Período de apuração [DATE] a [DATE]
Demonstração de Resultado
Contribuinte: Empresa Exemplo 104 LTDA CNPJ [CNPJ]
Vencimento [DATE] valor total [MONEY]",DREMensal,Relatorio,synthetic
"Receita Federa1 do Brasi1 DA5
1dentificação do sujeito passivo [CNPJ]
Período de apuração [DATE] a [DATE]
Autenticação bancária 00000.00000 11111.111111 22222.222222
Documento de Arrecadação do 5imp1es Naciona1
Código de barras 85640000001234567890123456789012345678901234
Programa Gerador do DA5",SimplesNacional,GuiaPagamento,synthetic
"Período de apuração [DATE] a [DATE]
Identificação do sujeito passivo [CNPJ]
Contribuinte: Empresa Exemplo 104 LTDA CNPJ [CNPJ]
Demonstração de Resultado
Demonstrativo de Resultado
Autenticação bancária 00000.00000 11111.111111 22222.222222",DREMensal,Relatorio,synthetic
"DARF código da receita 2089
Período de apuração [DATE] a [DATE]
Documento de Arrecadação de Receitas Federais
Ministério da Fazenda Secretaria da Receita Federal do Brasil
Identificação do sujeito passivo [CNPJ]
Contribuinte: Empresa Exemplo 104 LTDA CNPJ [CNPJ]
Autenticação bancária 00000.00000 11111.111111 22222.222222",DARF,GuiaPagamento,synthetic
"Vencimento [DATE] valor total [MONEY]
Guia de recolhimento municipal
Código de barras 85640000001234567890123456789012345678901234
Prefeitura de Porto Alegre
Autenticação bancária 00000.00000 11111.111111 22222.222222
ISSQN Imposto Sobre Serviços de Qualquer Natureza",ISSPoa,GuiaPagamento,synthetic
"Identificação do sujeito passivo [CNPJ]
Vencimento [DATE] valor total [MONEY]
Cedente sindicato código do beneficiário
Boleto de contribuição assistencial
Sindicato dos empregados contribuição confederativa
Contribuinte: Empresa Exemplo 104 LTDA CNPJ [CNPJ]
Código de barras 85640000001234567890123456789012345678901234",BoletoSindicato,GuiaPagamento,synthetic
"Vencimento [DATE] va1or tota1 [MONEY]
1dentificação do sujeito passivo [CNPJ]
Cedente sindicato código do beneficiário
Bo1eto de contribuição assistencia1
5indicato dos empregados contribuição confederativa
Autenticação bancária 00000.00000 11111.111111 22222.222222",BoletoSindicato,GuiaPagamento,synthetic
"As partes acima identificadas têm entre si justo e contratado
Autenticação bancária 00000.00000 11111.111111 22222.222222
Vencimento [DATE] va1or tota1 [MONEY]
Contrato de prestação de serviços c1áusu1a primeira
1dentificação do sujeito passivo [CNPJ]
Contribuinte: Empresa Exemp1o 104 LTDA CNPJ [CNPJ]",Desconhecido,Desconhecido,synthetic
"Ata de reunião pauta 1 aprovação das contas
Contribuinte: Empresa Exemplo 104 LTDA CNPJ [CNPJ]
Identificação do sujeito passivo [CNPJ]
Presentes os sócios na sede da sociedade",Desconhecido,Desconhecido,synthetic
"Vencimento [DATE] valor total [MONEY]
Contribuinte: Empresa Exemplo 104 LTDA CNPJ [CNPJ]
Declaro ter recebido a importância líquida
Adiantamento Salarial
Adiantamento
Autenticação bancária 00000.00000 11111.111111 22222.222222",Contracheque,Recibo,synthetic
"GFD - Guia do FGTS Digital
Fundo de Garantia do Tempo de Serviço
Competência da guia FGTS Digital
Vencimento [DATE] valor total [MONEY]
Autenticação bancária 00000.00000 11111.111111 22222.222222",FGTSDigital,GuiaPagamento,synthetic
"Autenticação bancária 00000.00000 11111.111111 22222.222222
Vencimento [DATE] va1or tota1 [MONEY]
5istema Púb1ico de Escrituração Digita1 5PED
Recibo de entrega de Escrituração Fisca1 Digita1
EFD 1CM5 1P1 número do recibo
Código de barras 85640000001234567890123456789012345678901234
Contribuinte: Empresa Exemp1o 104 LTDA CNPJ [CNPJ]",SPEDFiscal,Recibo,synthetic
"Documento de Arrecadação de Receitas Federais
Período de apuração [DATE] a [DATE]
Contribuição previdenciária CONTRPREV
Autenticação bancária 00000.00000 11111.111111 22222.222222
Código de barras 85640000001234567890123456789012345678901234
Identificação do sujeito passivo [CNPJ]
IRRF - Rendimento do trabalho assalariado DCTFWeb",DCTFWEB,GuiaPagamento,synthetic
"Período de apuração [DATE] a [DATE]
Adiantamento
Adiantamento Salarial
Código de barras 85640000001234567890123456789012345678901234
Declaro ter recebido a importância líquida
Contribuinte: Empresa Exemplo 104 LTDA CNPJ [CNPJ]",Contracheque,Recibo,synthetic
"Recibo de entrega de Escrituração Fiscal Digital
Sistema Público de Escrituração Digital SPED
Período de apuração [DATE] a [DATE]
Identificação do sujeito passivo [CNPJ]
EFD ICMS IPI número do recibo
Autenticação bancária 00000.00000 11111.111111 22222.222222",SPEDFiscal,Recibo,synthetic
"Identificação do sujeito passivo [CNPJ]
Prefeitura de Porto Alegre
Guia de recolhimento municipal
ISSQN Imposto Sobre Serviços de Qualquer Natureza
Vencimento [DATE] valor total [MONEY]
Período de apuração [DATE] a [DATE]
Contribuinte: Empresa Exemplo 104 LTDA CNPJ [CNPJ]",ISSPoa,GuiaPagamento,synthetic
"INSS Guia da Previdência Social GPS
Código de pagamento 2100
Código de barras 85640000001234567890123456789012345678901234
Vencimento [DATE] valor total [MONEY]
Autenticação bancária 00000.00000 11111.111111 22222.222222
Ministério da Previdência Social",GuiaGPS,GuiaPagamento,synthetic
"Período de apuração [DATE] a [DATE]
Demonstrativo de Resu1tado
1dentificação do sujeito passivo [CNPJ]
Contribuinte: Empresa Exemp1o 104 LTDA CNPJ [CNPJ]
Demonstração de Resu1tado",DREMensal,Relatorio,synthetic
"Período de apuração [DATE] a [DATE]
Autenticação bancária 00000.00000 11111.111111 22222.222222
Cedente sindicato código do beneficiário
Boleto de contribuição assistencial
Contribuinte: Empresa Exemplo 104 LTDA CNPJ [CNPJ]
Sindicato dos empregados contribuição confederativa
Vencimento [DATE] valor total [MONEY]",BoletoSindicato,GuiaPagamento,synthetic
"Ministério da Fazenda Secretaria da Receita Federal do Brasil
Período de apuração [DATE] a [DATE]
Documento de Arrecadação de Receitas Federais
Vencimento [DATE] valor total [MONEY]
Autenticação bancária 00000.00000 11111.111111 22222.222222
DARF código da receita 2089
Código de barras 85640000001234567890123456789012345678901234",DARF,GuiaPagamento,synthetic
"Guia de Arrecadação - GA
Identificação do sujeito passivo [CNPJ]
Estado do Rio Grande Do Sul
Guia de Arrecadação
Vencimento [DATE] valor total [MONEY]
Período de apuração [DATE] a [DATE]",GARS,GuiaPagamento,synthetic
"Adiantamento
Declaro ter recebido a importância líquida
Período de apuração [DATE] a [DATE]
Vencimento [DATE] valor total [MONEY]
Adiantamento Salarial",Contracheque,Recibo,synthetic
"Estado do Rio Grande Do Sul
Guia de Arrecadação - GA
Período de apuração [DATE] a [DATE]
Código de barras 85640000001234567890123456789012345678901234
Guia de Arrecadação
Autenticação bancária 00000.00000 11111.111111 22222.222222",GARS,GuiaPagamento,synthetic
"Vencimento [DATE] va1or tota1 [MONEY]
Dec1aro ter recebido a importância 1íquida
Código de barras 85640000001234567890123456789012345678901234
Adiantamento 5a1aria1
Adiantamento",Contracheque,Recibo,synthetic
"Vencimento [DATE] valor total [MONEY]
Identificação do sujeito passivo [CNPJ]
Sindicato dos empregados contribuição confederativa
Cedente sindicato código do beneficiário
Período de apuração [DATE] a [DATE]
Boleto de contribuição assistencial",BoletoSindicato,GuiaPagamento,synthetic
"Vencimento [DATE] valor total [MONEY]
Autenticação bancária 00000.00000 11111.111111 22222.222222
Ministério da Fazenda Secretaria da Receita Federal do Brasil
DARF código da receita 2089
Documento de Arrecadação de Receitas Federais",DARF,GuiaPagamento,synthetic
"Contribuinte: Empresa Exemplo 104 LTDA CNPJ [CNPJ]
Programa Gerador do DAS
Período de apuração [DATE] a [DATE]
Autenticação bancária 00000.00000 11111.111111 22222.222222
Documento de Arrecadação do Simples Nacional
Receita Federal do Brasil DAS",SimplesNacional,GuiaPagamento,synthetic
"Código de barras 85640000001234567890123456789012345678901234
Vencimento [DATE] valor total [MONEY]
Contribuinte: Empresa Exemplo 104 LTDA CNPJ [CNPJ]
Adiantamento
Adiantamento Salarial
Declaro ter recebido a importância líquida",Contracheque,Recibo,synthetic
"ISSQN Imposto Sobre Serviços de Qualquer Natureza
Período de apuração [DATE] a [DATE]
Prefeitura de Porto Alegre
Código de barras 85640000001234567890123456789012345678901234
Guia de recolhimento municipal",ISSPoa,GuiaPagamento,synthetic
"Período de apuração [DATE] a [DATE]
Cedente sindicato código do beneficiário
Identificação do sujeito passivo [CNPJ]
Autenticação bancária 00000.00000 11111.111111 22222.222222
Boleto de contribuição assistencial
Vencimento [DATE] valor total [MONEY]
Sindicato dos empregados contribuição confederativa",BoletoSindicato,GuiaPagamento,synthetic
"Recibo de entrega de Escrituração Fiscal Digital
Contribuinte: Empresa Exemplo 104 LTDA CNPJ [CNPJ]
Identificação do sujeito passivo [CNPJ]
Sistema Público de Escrituração Digital SPED
EFD ICMS IPI número do recibo",SPEDFiscal,Recibo,synthetic
"Adiantamento Salarial
Vencimento [DATE] valor total [MONEY]
Código de barras 85640000001234567890123456789012345678901234
Adiantamento
Contribuinte: Empresa Exemplo 104 LTDA CNPJ [CNPJ]
Declaro ter recebido a importância líquida",Contracheque,Recibo,synthetic
"Contribuinte: Empresa Exemplo 104 LTDA CNPJ [CNPJ]
Demonstrativo de Resultado
Demonstração de Resultado
Vencimento [DATE] valor total [MONEY]",DREMensal,Relatorio,synthetic
"Período de apuração [DATE] a [DATE]
Adiantamento 5a1aria1
Adiantamento
Vencimento [DATE] va1or tota1 [MONEY]
Dec1aro ter recebido a importância 1íquida",Contracheque,Recibo,synthetic
"155QN 1mposto 5obre 5erviços de Qua1quer Natureza
Autenticação bancária 00000.00000 11111.111111 22222.222222
Contribuinte: Empresa Exemp1o 104 LTDA CNPJ [CNPJ]
Guia de reco1himento municipa1
Prefeitura de Porto A1egre
Vencimento [DATE] va1or tota1 [MONEY]
1dentificação do sujeito passivo [CNPJ]",ISSPoa,GuiaPagamento,synthetic
"Competência da guia FGTS Digital
Autenticação bancária 00000.00000 11111.111111 22222.222222
GFD - Guia do FGTS Digital
Fundo de Garantia do Tempo de Serviço
Código de barras 85640000001234567890123456789012345678901234
Período de apuração [DATE] a [DATE]",FGTSDigital,GuiaPagamento,synthetic
"Vencimento [DATE] valor total [MONEY]
Sindicato dos empregados contribuição confederativa
Código de barras 85640000001234567890123456789012345678901234
Cedente sindicato código do beneficiário
Boleto de contribuição assistencial
Identificação do sujeito passivo [CNPJ]",BoletoSindicato,GuiaPagamento,synthetic
"Código de barras 85640000001234567890123456789012345678901234
Autenticação bancária 00000.00000 11111.111111 22222.222222
Adiantamento
Declaro ter recebido a importância líquida
Vencimento [DATE] valor total [MONEY]
Período de apuração [DATE] a [DATE]
Adiantamento Salarial",Contracheque,Recibo,synthetic
"Período de apuração [DATE] a [DATE]
EFD 1CM5 1P1 número do recibo
Recibo de entrega de Escrituração Fisca1 Digita1
5istema Púb1ico de Escrituração Digita1 5PED
1dentificação do sujeito passivo [CNPJ]",SPEDFiscal,Recibo,synthetic
"Ministério da Previdência Social
Identificação do sujeito passivo [CNPJ]
Código de pagamento 2100
Autenticação bancária 00000.00000 11111.111111 22222.222222
INSS Guia da Previdência Social GPS",GuiaGPS,GuiaPagamento,synthetic
"Autenticação bancária 00000.00000 11111.111111 22222.222222
Demonstração de Resultado
Código de barras 85640000001234567890123456789012345678901234
Demonstrativo de Resultado",DREMensal,Relatorio,synthetic
"Autenticação bancária 00000.00000 11111.111111 22222.222222
Identificação do sujeito passivo [CNPJ]
Programa Gerador do DAS
Receita Federal do Brasil DAS
Período de apuração [DATE] a [DATE]
Vencimento [DATE] valor total [MONEY]
Documento de Arrecadação do Simples Nacional",SimplesNacional,GuiaPagamento,synthetic
"Receita Federal do Brasil DAS
Programa Gerador do DAS
Autenticação bancária 00000.00000 11111.111111 22222.222222
Documento de Arrecadação do Simples Nacional
Período de apuração [DATE] a [DATE]",SimplesNacional,GuiaPagamento,synthetic
"Adiantamento
Vencimento [DATE] valor total [MONEY]
Período de apuração [DATE] a [DATE]
Autenticação bancária 00000.00000 11111.111111 22222.222222
Adiantamento Salarial
Declaro ter recebido a importância líquida",Contracheque,Recibo,synthetic
"DARF código da receita 2089
Código de barras 85640000001234567890123456789012345678901234
Documento de Arrecadação de Receitas Federais
Contribuinte: Empresa Exemplo 104 LTDA CNPJ [CNPJ]
Período de apuração [DATE] a [DATE]
Vencimento [DATE] valor total [MONEY]
Ministério da Fazenda Secretaria da Receita Federal do Brasil",DARF,GuiaPagamento,synthetic
"Período de apuração [DATE] a [DATE]
Competência da guia FGTS Digital
Autenticação bancária 00000.00000 11111.111111 22222.222222
Identificação do sujeito passivo [CNPJ]
Fundo de Garantia do Tempo de Serviço
GFD - Guia do FGTS Digital
Código de barras 85640000001234567890123456789012345678901234",FGTSDigital,GuiaPagamento,synthetic
"Contribuinte: Empresa Exemp1o 104 LTDA CNPJ [CNPJ]
Programa Gerador do DA5
Receita Federa1 do Brasi1 DA5
Documento de Arrecadação do 5imp1es Naciona1
Autenticação bancária 00000.00000 11111.111111 22222.222222
Vencimento [DATE] va1or tota1 [MONEY]
1dentificação do sujeito passivo [CNPJ]",SimplesNacional,GuiaPagamento,synthetic
"Cedente sindicato código do beneficiário
Boleto de contribuição assistencial
Autenticação bancária 00000.00000 11111.111111 22222.222222
Identificação do sujeito passivo [CNPJ]
Sindicato dos empregados contribuição confederativa",BoletoSindicato,GuiaPagamento,synthetic
"Documento de Arrecadação de Receitas Federais
Ministério da Fazenda Secretaria da Receita Federal do Brasil
Vencimento [DATE] valor total [MONEY]
Identificação do sujeito passivo [CNPJ]
DARF código da receita 2089
Período de apuração [DATE] a [DATE]",DARF,GuiaPagamento,synthetic
"Demonstrativo de Resultado
Demonstração de Resultado
Identificação do sujeito passivo [CNPJ]
Período de apuração [DATE] a [DATE]
Vencimento [DATE] valor total [MONEY]
Código de barras 85640000001234567890123456789012345678901234",DREMensal,Relatorio,synthetic
"Autenticação bancária 00000.00000 11111.111111 22222.222222
Adiantamento Salarial
Adiantamento
Declaro ter recebido a importância líquida
Contribuinte: Empresa Exemplo 104 LTDA CNPJ [CNPJ]
Código de barras 85640000001234567890123456789012345678901234
Período de apuração [DATE] a [DATE]",Contracheque,Recibo,synthetic
"Identificação do sujeito passivo [CNPJ]
Contribuinte: Empresa Exemplo 104 LTDA CNPJ [CNPJ]
Guia de Arrecadação
Vencimento [DATE] valor total [MONEY]
Estado do Rio Grande Do Sul
Código de barras 85640000001234567890123456789012345678901234
Guia de Arrecadação - GA",GARS,GuiaPagamento,synthetic
"Documento de Arrecadação de Receitas Federais
Período de apuração [DATE] a [DATE]
Vencimento [DATE] va1or tota1 [MONEY]
Código de barras 85640000001234567890123456789012345678901234
1RRF - Rendimento do traba1ho assa1ariado DCTFWeb
Contribuição previdenciária C0NTRPREV
Contribuinte: Empresa Exemp1o 104 LTDA CNPJ [CNPJ]",DCTFWEB,GuiaPagamento,synthetic
"Código de barras 85640000001234567890123456789012345678901234
Ministério da Previdência Social
Código de pagamento 2100
INSS Guia da Previdência Social GPS
Contribuinte: Empresa Exemplo 104 LTDA CNPJ [CNPJ]",GuiaGPS,GuiaPagamento,synthetic
"Prefeitura de Porto Alegre
Guia de recolhimento municipal
ISSQN Imposto Sobre Serviços de Qualquer Natureza
Autenticação bancária 00000.00000 11111.111111 22222.222222
Vencimento [DATE] valor total [MONEY]
Período de apuração [DATE] a [DATE]",ISSPoa,GuiaPagamento,synthetic
"Autenticação bancária 00000.00000 11111.111111 22222.222222
Vencimento [DATE] valor total [MONEY]
Estado do Rio Grande Do Sul
Guia de Arrecadação - GA
Período de apuração [DATE] a [DATE]
Guia de Arrecadação",GARS,GuiaPagamento,synthetic
"Recibo de entrega de Escrituração Fiscal Digital
Código de barras 85640000001234567890123456789012345678901234
Período de apuração [DATE] a [DATE]
EFD ICMS IPI número do recibo
Sistema Público de Escrituração Digital SPED",SPEDFiscal,Recibo,synthetic
"Demonstrativo de Resultado
Contribuinte: Empresa Exemplo 104 LTDA CNPJ [CNPJ]
Demonstração de Resultado
Identificação do sujeito passivo [CNPJ]
Código de barras 85640000001234567890123456789012345678901234
Período de apuração [DATE] a [DATE]",DREMensal,Relatorio,synthetic
"Fundo de Garantia do Tempo de Serviço
Contribuinte: Empresa Exemplo 104 LTDA CNPJ [CNPJ]
Período de apuração [DATE] a [DATE]
GFD - Guia do FGTS Digital
Competência da guia FGTS Digital
Código de barras 85640000001234567890123456789012345678901234",FGTSDigital,GuiaPagamento,synthetic
"Período de apuração [DATE] a [DATE]
Receita Federal do Brasil DAS
Programa Gerador do DAS
Documento de Arrecadação do Simples Nacional
Vencimento [DATE] valor total [MONEY]
Código de barras 85640000001234567890123456789012345678901234",SimplesNacional,GuiaPagamento,synthetic
"Período de apuração [DATE] a [DATE]
Autenticação bancária 00000.00000 11111.111111 22222.222222
Código de pagamento 2100
Vencimento [DATE] valor total [MONEY]
INSS Guia da Previdência Social GPS
Ministério da Previdência Social",GuiaGPS,GuiaPagamento,synthetic
"Autenticação bancária 00000.00000 11111.111111 22222.222222
Código de barras 85640000001234567890123456789012345678901234
Prefeitura de Porto Alegre
Período de apuração [DATE] a [DATE]
Guia de recolhimento municipal
Vencimento [DATE] valor total [MONEY]
ISSQN Imposto Sobre Serviços de Qualquer Natureza",ISSPoa,GuiaPagamento,synthetic
"Autenticação bancária 00000.00000 11111.111111 22222.222222
Código de barras 85640000001234567890123456789012345678901234
Competência da guia FGT5 Digita1
Fundo de Garantia do Tempo de 5erviço
GFD - Guia do FGT5 Digita1",FGTSDigital,GuiaPagamento,synthetic
"Vencimento [DATE] valor total [MONEY]
Identificação do sujeito passivo [CNPJ]
Ata de reunião pauta 1 aprovação das contas
Presentes os sócios na sede da sociedade",Desconhecido,Desconhecido,synthetic
"Vencimento [DATE] valor total [MONEY]
Demonstrativo de Resultado
Identificação do sujeito passivo [CNPJ]
Demonstração de Resultado
Código de barras 85640000001234567890123456789012345678901234",DREMensal,Relatorio,synthetic
"Contribuinte: Empresa Exemplo 104 LTDA CNPJ [CNPJ]
Vencimento [DATE] valor total [MONEY]
Código de barras 85640000001234567890123456789012345678901234
Cedente sindicato código do beneficiário
Boleto de contribuição assistencial
Autenticação bancária 00000.00000 11111.111111 22222.222222
Sindicato dos empregados contribuição confederativa",BoletoSindicato,GuiaPagamento,synthetic
"Contribuinte: Empresa Exemplo 104 LTDA CNPJ [CNPJ]
Receita Federal do Brasil DAS
Código de barras 85640000001234567890123456789012345678901234
Programa Gerador do DAS
Identificação do sujeito passivo [CNPJ]
Documento de Arrecadação do Simples Nacional",SimplesNacional,GuiaPagamento,synthetic
"Boleto de contribuição assistencial
Vencimento [DATE] valor total [MONEY]
Cedente sindicato código do beneficiário
Sindicato dos empregados contribuição confederativa
Autenticação bancária 00000.00000 11111.111111 22222.222222
Identificação do sujeito passivo [CNPJ]",BoletoSindicato,GuiaPagamento,synthetic
"Documento de Arrecadação do Simples Nacional
Identificação do sujeito passivo [CNPJ]
Programa Gerador do DAS
Vencimento [DATE] valor total [MONEY]
Contribuinte: Empresa Exemplo 104 LTDA CNPJ [CNPJ]
Receita Federal do Brasil DAS",SimplesNacional,GuiaPagamento,synthetic
"Identificação do sujeito passivo [CNPJ]
Competência da guia FGTS Digital
Fundo de Garantia do Tempo de Serviço
GFD - Guia do FGTS Digital
Contribuinte: Empresa Exemplo 104 LTDA CNPJ [CNPJ]
Código de barras 85640000001234567890123456789012345678901234",FGTSDigital,GuiaPagamento,synthetic
"Período de apuração [DATE] a [DATE]
Receita Federal do Brasil DAS
Programa Gerador do DAS
Documento de Arrecadação do Simples Nacional
Vencimento [DATE] valor total [MONEY]
Identificação do sujeito passivo [CNPJ]",SimplesNacional,GuiaPagamento,synthetic
"Demonstração de Resultado
Demonstrativo de Resultado
Código de barras 85640000001234567890123456789012345678901234
Identificação do sujeito passivo [CNPJ]
Contribuinte: Empresa Exemplo 104 LTDA CNPJ [CNPJ]
Autenticação bancária 00000.00000 11111.111111 22222.222222",DREMensal,Relatorio,synthetic
"Código de barras 85640000001234567890123456789012345678901234
Autenticação bancária 00000.00000 11111.111111 22222.222222
Guia de Arrecadação
Estado do Rio Grande Do Sul
Vencimento [DATE] valor total [MONEY]
Guia de Arrecadação - GA",GARS,GuiaPagamento,synthetic
"Autenticação bancária 00000.00000 11111.111111 22222.222222
Ministério da Fazenda Secretaria da Receita Federal do Brasil
Identificação do sujeito passivo [CNPJ]
Documento de Arrecadação de Receitas Federais
DARF código da receita 2089",DARF,GuiaPagamento,synthetic
"Declaro ter recebido a importância líquida
Contribuinte: Empresa Exemplo 104 LTDA CNPJ [CNPJ]
Código de barras 85640000001234567890123456789012345678901234
Identificação do sujeito passivo [CNPJ]
Adiantamento Salarial
Adiantamento",Contracheque,Recibo,synthetic
"Vencimento [DATE] valor total [MONEY]
DARF código da receita 2089
Ministério da Fazenda Secretaria da Receita Federal do Brasil
Período de apuração [DATE] a [DATE]
Identificação do sujeito passivo [CNPJ]
Documento de Arrecadação de Receitas Federais
Contribuinte: Empresa Exemplo 104 LTDA CNPJ [CNPJ]",DARF,GuiaPagamento,synthetic
"Vencimento [DATE] valor total [MONEY]
Adiantamento Salarial
Período de apuração [DATE] a [DATE]
Declaro ter recebido a importância líquida
Adiantamento",Contracheque,Recibo,synthetic
"Programa Gerador do DAS
Contribuinte: Empresa Exemplo 104 LTDA CNPJ [CNPJ]
Documento de Arrecadação do Simples Nacional
Receita Federal do Brasil DAS
Período de apuração [DATE] a [DATE]
Autenticação bancária 00000.00000 11111.111111 22222.222222
Vencimento [DATE] valor total [MONEY]",SimplesNacional,GuiaPagamento,synthetic
"Estado do Rio Grande Do Sul
Guia de Arrecadação - GA
Autenticação bancária 00000.00000 11111.111111 22222.222222
Identificação do sujeito passivo [CNPJ]
Guia de Arrecadação
Contribuinte: Empresa Exemplo 104 LTDA CNPJ [CNPJ]
Vencimento [DATE] valor total [MONEY]",GARS,GuiaPagamento,synthetic
"Adiantamento 5a1aria1
Adiantamento
Período de apuração [DATE] a [DATE]
Contribuinte: Empresa Exemp1o 104 LTDA CNPJ [CNPJ]
1dentificação do sujeito passivo [CNPJ]
Dec1aro ter recebido a importância 1íquida
Código de barras 85640000001234567890123456789012345678901234",Contracheque,Recibo,synthetic
"1dentificação do sujeito passivo [CNPJ]
155QN 1mposto 5obre 5erviços de Qua1quer Natureza
Prefeitura de Porto A1egre
Vencimento [DATE] va1or tota1 [MONEY]
Autenticação bancária 00000.00000 11111.111111 22222.222222
Guia de reco1himento municipa1
Código de barras 85640000001234567890123456789012345678901234",ISSPoa,GuiaPagamento,synthetic
"Adiantamento
Declaro ter recebido a importância líquida
Identificação do sujeito passivo [CNPJ]
Período de apuração [DATE] a [DATE]
Adiantamento Salarial
Código de barras 85640000001234567890123456789012345678901234",Contracheque,Recibo,synthetic
"IRRF - Rendimento do trabalho assalariado DCTFWeb
Período de apuração [DATE] a [DATE]
Contribuição previdenciária CONTRPREV
Documento de Arrecadação de Receitas Federais
Contribuinte: Empresa Exemplo 104 LTDA CNPJ [CNPJ]",DCTFWEB,GuiaPagamento,synthetic
"Vencimento [DATE] valor total [MONEY]
Guia de recolhimento municipal
Contribuinte: Empresa Exemplo 104 LTDA CNPJ [CNPJ]
Identificação do sujeito passivo [CNPJ]
Prefeitura de Porto Alegre
ISSQN Imposto Sobre Serviços de Qualquer Natureza",ISSPoa,GuiaPagamento,synthetic
"Código de barras 85640000001234567890123456789012345678901234
Autenticação bancária 00000.00000 11111.111111 22222.222222
Vencimento [DATE] valor total [MONEY]
Contribuinte: Empresa Exemplo 104 LTDA CNPJ [CNPJ]
Contribuição previdenciária CONTRPREV
Documento de Arrecadação de Receitas Federais
IRRF - Rendimento do trabalho assalariado DCTFWeb",DCTFWEB,GuiaPagamento,synthetic
"Adiantamento
Vencimento [DATE] va1or tota1 [MONEY]
Dec1aro ter recebido a importância 1íquida
Adiantamento 5a1aria1
Código de barras 85640000001234567890123456789012345678901234",Contracheque,Recibo,synthetic
"Autenticação bancária 00000.00000 11111.111111 22222.222222
Código de pagamento 2100
Período de apuração [DATE] a [DATE]
Contribuinte: Empresa Exemplo 104 LTDA CNPJ [CNPJ]
INSS Guia da Previdência Social GPS
Código de barras 85640000001234567890123456789012345678901234
Ministério da Previdência Social",GuiaGPS,GuiaPagamento,synthetic
"Identificação do sujeito passivo [CNPJ]
Vencimento [DATE] valor total [MONEY]
INSS Guia da Previdência Social GPS
Período de apuração [DATE] a [DATE]
Código de pagamento 2100
Ministério da Previdência Social
Contribuinte: Empresa Exemplo 104 LTDA CNPJ [CNPJ]",GuiaGPS,GuiaPagamento,synthetic
"Pedido de compra ordem 4521
Contribuinte: Empresa Exemp1o 104 LTDA CNPJ [CNPJ]
Quantidade 10 unidades descrição materia1 de escritório
1dentificação do sujeito passivo [CNPJ]",Desconhecido,Desconhecido,synthetic
"Boleto de contribuição assistencial
Identificação do sujeito passivo [CNPJ]
Período de apuração [DATE] a [DATE]
Código de barras 85640000001234567890123456789012345678901234
Cedente sindicato código do beneficiário
Sindicato dos empregados contribuição confederativa",BoletoSindicato,GuiaPagamento,synthetic
"Cedente sindicato código do beneficiário
Boleto de contribuição assistencial
Período de apuração [DATE] a [DATE]
Vencimento [DATE] valor total [MONEY]
Autenticação bancária 00000.00000 11111.111111 22222.222222
Identificação do sujeito passivo [CNPJ]
Sindicato dos empregados contribuição confederativa",BoletoSindicato,GuiaPagamento,synthetic
"Contribuição previdenciária CONTRPREV
Período de apuração [DATE] a [DATE]
Documento de Arrecadação de Receitas Federais
IRRF - Rendimento do trabalho assalariado DCTFWeb
Contribuinte: Empresa Exemplo 104 LTDA CNPJ [CNPJ]
Autenticação bancária 00000.00000 11111.111111 22222.222222
Identificação do sujeito passivo [CNPJ]",DCTFWEB,GuiaPagamento,synthetic
"Documento de Arrecadação de Receitas Federais
Autenticação bancária 00000.00000 11111.111111 22222.222222
Identificação do sujeito passivo [CNPJ]
Ministério da Fazenda Secretaria da Receita Federal do Brasil
Período de apuração [DATE] a [DATE]
DARF código da receita 2089",DARF,GuiaPagamento,synthetic
"Período de apuração [DATE] a [DATE]
Documento de Arrecadação de Receitas Federais
Ministério da Fazenda Secretaria da Receita Federal do Brasil
DARF código da receita 2089
Código de barras 85640000001234567890123456789012345678901234",DARF,GuiaPagamento,synthetic
"Período de apuração [DATE] a [DATE]
Demonstrativo de Resultado
Autenticação bancária 00000.00000 11111.111111 22222.222222
Demonstração de Resultado
Contribuinte: Empresa Exemplo 104 LTDA CNPJ [CNPJ]",DREMensal,Relatorio,synthetic
"Período de apuração [DATE] a [DATE]
Adiantamento Salarial
Declaro ter recebido a importância líquida
Adiantamento
Vencimento [DATE] valor total [MONEY]",Contracheque,Recibo,synthetic
"INSS Guia da Previdência Social GPS
Autenticação bancária 00000.00000 11111.111111 22222.222222
Ministério da Previdência Social
Código de barras 85640000001234567890123456789012345678901234
Identificação do sujeito passivo [CNPJ]
Código de pagamento 2100",GuiaGPS,GuiaPagamento,synthetic
"ISSQN Imposto Sobre Serviços de Qualquer Natureza
Vencimento [DATE] valor total [MONEY]
Prefeitura de Porto Alegre
Código de barras 85640000001234567890123456789012345678901234
Guia de recolhimento municipal
Autenticação bancária 00000.00000 11111.111111 22222.222222
Identificação do sujeito passivo [CNPJ]",ISSPoa,GuiaPagamento,synthetic
"Código de barras 85640000001234567890123456789012345678901234
Vencimento [DATE] valor total [MONEY]
Autenticação bancária 00000.00000 11111.111111 22222.222222
INSS Guia da Previdência Social GPS
Ministério da Previdência Social
Código de pagamento 2100
Identificação do sujeito passivo [CNPJ]",GuiaGPS,GuiaPagamento,synthetic
"Período de apuração [DATE] a [DATE]
Identificação do sujeito passivo [CNPJ]
Cedente sindicato código do beneficiário
Sindicato dos empregados contribuição confederativa
Boleto de contribuição assistencial
Contribuinte: Empresa Exemplo 104 LTDA CNPJ [CNPJ]",BoletoSindicato,GuiaPagamento,synthetic
"Adiantamento
Declaro ter recebido a importância líquida
Adiantamento Salarial
Código de barras 85640000001234567890123456789012345678901234
Período de apuração [DATE] a [DATE]
Vencimento [DATE] valor total [MONEY]",Contracheque,Recibo,synthetic
"Código de barras 85640000001234567890123456789012345678901234
Competência da guia FGTS Digital
GFD - Guia do FGTS Digital
Contribuinte: Empresa Exemplo 104 LTDA CNPJ [CNPJ]
Fundo de Garantia do Tempo de Serviço",FGTSDigital,GuiaPagamento,synthetic
"Sistema Público de Escrituração Digital SPED
Identificação do sujeito passivo [CNPJ]
Código de barras 85640000001234567890123456789012345678901234
Recibo de entrega de Escrituração Fiscal Digital
EFD ICMS IPI número do recibo
Contribuinte: Empresa Exemplo 104 LTDA CNPJ [CNPJ]
Período de apuração [DATE] a [DATE]",SPEDFiscal,Recibo,synthetic
"Autenticação bancária 00000.00000 11111.111111 22222.222222
Guia de Arrecadação - GA
Guia de Arrecadação
Estado do Rio Grande Do Sul
Identificação do sujeito passivo [CNPJ]
Contribuinte: Empresa Exemplo 104 LTDA CNPJ [CNPJ]",GARS,GuiaPagamento,synthetic
"Código de barras 85640000001234567890123456789012345678901234
Programa Gerador do DAS
Documento de Arrecadação do Simples Nacional
Identificação do sujeito passivo [CNPJ]
Receita Federal do Brasil DAS",SimplesNacional,GuiaPagamento,synthetic
"Quantidade 10 unidades descrição material de escritório
Contribuinte: Empresa Exemplo 104 LTDA CNPJ [CNPJ]
Pedido de compra ordem 4521
Código de barras 85640000001234567890123456789012345678901234
Período de apuração [DATE] a [DATE]
Identificação do sujeito passivo [CNPJ]",Desconhecido,Desconhecido,synthetic
"Autenticação bancária 00000.00000 11111.111111 22222.222222
Contrato de prestação de serviços cláusula primeira
Código de barras 85640000001234567890123456789012345678901234
As partes acima identificadas têm entre si justo e contratado",Desconhecido,Desconhecido,synthetic
"Recibo de entrega de Escrituração Fiscal Digital
Autenticação bancária 00000.00000 11111.111111 22222.222222
Contribuinte: Empresa Exemplo 104 LTDA CNPJ [CNPJ]
Vencimento [DATE] valor total [MONEY]
EFD ICMS IPI número do recibo
Identificação do sujeito passivo [CNPJ]
Sistema Público de Escrituração Digital SPED",SPEDFiscal,Recibo,synthetic
"Período de apuração [DATE] a [DATE]
Fundo de Garantia do Tempo de Serviço
Identificação do sujeito passivo [CNPJ]
Contribuinte: Empresa Exemplo 104 LTDA CNPJ [CNPJ]
Competência da guia FGTS Digital
Autenticação bancária 00000.00000 11111.111111 22222.222222
GFD - Guia do FGTS Digital",FGTSDigital,GuiaPagamento,synthetic
"DARF código da receita 2089
Documento de Arrecadação de Receitas Federais
Autenticação bancária 00000.00000 11111.111111 22222.222222
Identificação do sujeito passivo [CNPJ]
Ministério da Fazenda Secretaria da Receita Federal do Brasil
Vencimento [DATE] valor total [MONEY]",DARF,GuiaPagamento,synthetic
"Período de apuração [DATE] a [DATE]
Programa Gerador do DAS
Documento de Arrecadação do Simples Nacional
Receita Federal do Brasil DAS
Identificação do sujeito passivo [CNPJ]",SimplesNacional,GuiaPagamento,synthetic
"Adiantamento Salarial
Código de barras 85640000001234567890123456789012345678901234
Adiantamento
Período de apuração [DATE] a [DATE]
Autenticação bancária 00000.00000 11111.111111 22222.222222
Declaro ter recebido a importância líquida
Identificação do sujeito passivo [CNPJ]",Contracheque,Recibo,synthetic
"Autenticação bancária 00000.00000 11111.111111 22222.222222
Período de apuração [DATE] a [DATE]
Demonstração de Resultado
Demonstrativo de Resultado",DREMensal,Relatorio,synthetic
"Período de apuração [DATE] a [DATE]
Contribuinte: Empresa Exemp1o 104 LTDA CNPJ [CNPJ]
Ministério da Previdência 5ocia1
1dentificação do sujeito passivo [CNPJ]
Autenticação bancária 00000.00000 11111.111111 22222.222222
Código de pagamento 2100
1N55 Guia da Previdência 5ocia1 GP5",GuiaGPS,GuiaPagamento,synthetic
"Ministério da Previdência Social
Autenticação bancária 00000.00000 11111.111111 22222.222222
Código de pagamento 2100
Vencimento [DATE] valor total [MONEY]
Código de barras 85640000001234567890123456789012345678901234
Contribuinte: Empresa Exemplo 104 LTDA CNPJ [CNPJ]
INSS Guia da Previdência Social GPS",GuiaGPS,GuiaPagamento,synthetic
"Estado do Rio Grande Do Sul
Guia de Arrecadação
Período de apuração [DATE] a [DATE]
Código de barras 85640000001234567890123456789012345678901234
Guia de Arrecadação - GA",GARS,GuiaPagamento,synthetic
"Período de apuração [DATE] a [DATE]
Fundo de Garantia do Tempo de Serviço
Código de barras 85640000001234567890123456789012345678901234
Vencimento [DATE] valor total [MONEY]
GFD - Guia do FGTS Digital
Competência da guia FGTS Digital",FGTSDigital,GuiaPagamento,synthetic
"Estado do Rio Grande Do Sul
Período de apuração [DATE] a [DATE]
Guia de Arrecadação - GA
Guia de Arrecadação
Identificação do sujeito passivo [CNPJ]",GARS,GuiaPagamento,synthetic
"Período de apuração [DATE] a [DATE]
Vencimento [DATE] valor total [MONEY]
Código de barras 85640000001234567890123456789012345678901234
Autenticação bancária 00000.00000 11111.111111 22222.222222
EFD ICMS IPI número do recibo
Recibo de entrega de Escrituração Fiscal Digital
Sistema Público de Escrituração Digital SPED",SPEDFiscal,Recibo,synthetic
"Período de apuração [DATE] a [DATE]
Autenticação bancária 00000.00000 11111.111111 22222.222222
Guia de Arrecadação
Estado do Rio Grande Do Sul
Vencimento [DATE] valor total [MONEY]
Guia de Arrecadação - GA
Identificação do sujeito passivo [CNPJ]",GARS,GuiaPagamento,synthetic
"Adiantamento Salarial
Identificação do sujeito passivo [CNPJ]
Declaro ter recebido a importância líquida
Período de apuração [DATE] a [DATE]
Contribuinte: Empresa Exemplo 104 LTDA CNPJ [CNPJ]
Adiantamento
Autenticação bancária 00000.00000 11111.111111 22222.222222",Contracheque,Recibo,synthetic
"Identificação do sujeito passivo [CNPJ]
Contribuinte: Empresa Exemplo 104 LTDA CNPJ [CNPJ]
Autenticação bancária 00000.00000 11111.111111 22222.222222
IRRF - Rendimento do trabalho assalariado DCTFWeb
Documento de Arrecadação de Receitas Federais
Contribuição previdenciária CONTRPREV
Código de barras 85640000001234567890123456789012345678901234",DCTFWEB,GuiaPagamento,synthetic
"Programa Gerador do DA5
Período de apuração [DATE] a [DATE]
Documento de Arrecadação do 5imp1es Naciona1
Contribuinte: Empresa Exemp1o 104 LTDA CNPJ [CNPJ]
Autenticação bancária 00000.00000 11111.111111 22222.222222
Receita Federa1 do Brasi1 DA5",SimplesNacional,GuiaPagamento,synthetic
"Documento de Arrecadação de Receitas Federais
Contribuinte: Empresa Exemplo 104 LTDA CNPJ [CNPJ]
Autenticação bancária 00000.00000 11111.111111 22222.222222
IRRF - Rendimento do trabalho assalariado DCTFWeb
Vencimento [DATE] valor total [MONEY]
Contribuição previdenciária CONTRPREV
Identificação do sujeito passivo [CNPJ]",DCTFWEB,GuiaPagamento,synthetic
"Recibo de entrega de Escrituração Fisca1 Digita1
1dentificação do sujeito passivo [CNPJ]
Vencimento [DATE] va1or tota1 [MONEY]
5istema Púb1ico de Escrituração Digita1 5PED
Período de apuração [DATE] a [DATE]
EFD 1CM5 1P1 número do recibo
Código de barras 85640000001234567890123456789012345678901234",SPEDFiscal,Recibo,synthetic
"Identificação do sujeito passivo [CNPJ]
Guia de Arrecadação
Período de apuração [DATE] a [DATE]
Estado do Rio Grande Do Sul
Guia de Arrecadação - GA",GARS,GuiaPagamento,synthetic
"1dentificação do sujeito passivo [CNPJ]
Documento de Arrecadação de Receitas Federais
1RRF - Rendimento do traba1ho assa1ariado DCTFWeb
Contribuição previdenciária C0NTRPREV
Contribuinte: Empresa Exemp1o 104 LTDA CNPJ [CNPJ]",DCTFWEB,GuiaPagamento,synthetic
"Ministério da Fazenda Secretaria da Receita Federal do Brasil
Identificação do sujeito passivo [CNPJ]
DARF código da receita 2089
Autenticação bancária 00000.00000 11111.111111 22222.222222
Documento de Arrecadação de Receitas Federais",DARF,GuiaPagamento,synthetic
"Sindicato dos empregados contribuição confederativa
Código de barras 85640000001234567890123456789012345678901234
Cedente sindicato código do beneficiário
Identificação do sujeito passivo [CNPJ]
Boleto de contribuição assistencial
Vencimento [DATE] valor total [MONEY]",BoletoSindicato,GuiaPagamento,synthetic
"Presentes os sócios na sede da sociedade
Contribuinte: Empresa Exemplo 104 LTDA CNPJ [CNPJ]
Ata de reunião pauta 1 aprovação das contas
Período de apuração [DATE] a [DATE]",Desconhecido,Desconhecido,synthetic
"Identificação do sujeito passivo [CNPJ]
Guia de recolhimento municipal
Vencimento [DATE] valor total [MONEY]
ISSQN Imposto Sobre Serviços de Qualquer Natureza
Prefeitura de Porto Alegre",ISSPoa,GuiaPagamento,synthetic
"Autenticação bancária 00000.00000 11111.111111 22222.222222
Código de barras 85640000001234567890123456789012345678901234
Boleto de contribuição assistencial
Cedente sindicato código do beneficiário
Período de apuração [DATE] a [DATE]
Vencimento [DATE] valor total [MONEY]
Sindicato dos empregados contribuição confederativa",BoletoSindicato,GuiaPagamento,synthetic
"Demonstrativo de Resultado
Código de barras 85640000001234567890123456789012345678901234
Contribuinte: Empresa Exemplo 104 LTDA CNPJ [CNPJ]
Demonstração de Resultado
Identificação do sujeito passivo [CNPJ]",DREMensal,Relatorio,synthetic
"Vencimento [DATE] valor total [MONEY]
Autenticação bancária 00000.00000 11111.111111 22222.222222
As partes acima identificadas têm entre si justo e contratado
Código de barras 85640000001234567890123456789012345678901234
Contrato de prestação de serviços cláusula primeira",Desconhecido,Desconhecido,synthetic
"Período de apuração [DATE] a [DATE]
Vencimento [DATE] valor total [MONEY]
Demonstração de Resultado
Demonstrativo de Resultado",DREMensal,Relatorio,synthetic
"Vencimento [DATE] valor total [MONEY]
Código de barras 85640000001234567890123456789012345678901234
Cedente sindicato código do beneficiário
Autenticação bancária 00000.00000 11111.111111 22222.222222
Período de apuração [DATE] a [DATE]
Boleto de contribuição assistencial
Sindicato dos empregados contribuição confederativa",BoletoSindicato,GuiaPagamento,synthetic
"Contribuinte: Empresa Exemplo 104 LTDA CNPJ [CNPJ]
Código de barras 85640000001234567890123456789012345678901234
IRRF - Rendimento do trabalho assalariado DCTFWeb
Documento de Arrecadação de Receitas Federais
Contribuição previdenciária CONTRPREV
Vencimento [DATE] valor total [MONEY]
Autenticação bancária 00000.00000 11111.111111 22222.222222",DCTFWEB,GuiaPagamento,synthetic
"Autenticação bancária 00000.00000 11111.111111 22222.222222
Vencimento [DATE] valor total [MONEY]
Sistema Público de Escrituração Digital SPED
Período de apuração [DATE] a [DATE]
EFD ICMS IPI número do recibo
Recibo de entrega de Escrituração Fiscal Digital
Contribuinte: Empresa Exemplo 104 LTDA CNPJ [CNPJ]",SPEDFiscal,Recibo,synthetic
"Sindicato dos empregados contribuição confederativa
Contribuinte: Empresa Exemplo 104 LTDA CNPJ [CNPJ]
Cedente sindicato código do beneficiário
Autenticação bancária 00000.00000 11111.111111 22222.222222
Período de apuração [DATE] a [DATE]
Código de barras 85640000001234567890123456789012345678901234
Boleto de contribuição assistencial",BoletoSindicato,GuiaPagamento,synthetic
"Vencimento [DATE] va1or tota1 [MONEY]
Período de apuração [DATE] a [DATE]
EFD 1CM5 1P1 número do recibo
Recibo de entrega de Escrituração Fisca1 Digita1
Código de barras 85640000001234567890123456789012345678901234
5istema Púb1ico de Escrituração Digita1 5PED
1dentificação do sujeito passivo [CNPJ]",SPEDFiscal,Recibo,synthetic
"Guia de recolhimento municipal
Contribuinte: Empresa Exemplo 104 LTDA CNPJ [CNPJ]
Prefeitura de Porto Alegre
ISSQN Imposto Sobre Serviços de Qualquer Natureza
Código de barras 85640000001234567890123456789012345678901234",ISSPoa,GuiaPagamento,synthetic
"Período de apuração [DATE] a [DATE]
DARF código da receita 2089
Documento de Arrecadação de Receitas Federais
Código de barras 85640000001234567890123456789012345678901234
Ministério da Fazenda Secretaria da Receita Federal do Brasil",DARF,GuiaPagamento,synthetic
"Declaro ter recebido a importância líquida
Código de barras 85640000001234567890123456789012345678901234
Identificação do sujeito passivo [CNPJ]
Adiantamento
Adiantamento Salarial",Contracheque,Recibo,synthetic
"Guia de recolhimento municipal
Contribuinte: Empresa Exemplo 104 LTDA CNPJ [CNPJ]
Identificação do sujeito passivo [CNPJ]
Prefeitura de Porto Alegre
ISSQN Imposto Sobre Serviços de Qualquer Natureza",ISSPoa,GuiaPagamento,synthetic
"Período de apuração [DATE] a [DATE]
INSS Guia da Previdência Social GPS
Ministério da Previdência Social
Vencimento [DATE] valor total [MONEY]
Código de pagamento 2100",GuiaGPS,GuiaPagamento,synthetic
"ISSQN Imposto Sobre Serviços de Qualquer Natureza
Prefeitura de Porto Alegre
Contribuinte: Empresa Exemplo 104 LTDA CNPJ [CNPJ]
Vencimento [DATE] valor total [MONEY]
Código de barras 85640000001234567890123456789012345678901234
Período de apuração [DATE] a [DATE]
Guia de recolhimento municipal",ISSPoa,GuiaPagamento,synthetic
"Demonstração de Resultado
Código de barras 85640000001234567890123456789012345678901234
Identificação do sujeito passivo [CNPJ]
Demonstrativo de Resultado
Autenticação bancária 00000.00000 11111.111111 22222.222222",DREMensal,Relatorio,synthetic
"Contribuinte: Empresa Exemplo 104 LTDA CNPJ [CNPJ]
Autenticação bancária 00000.00000 11111.111111 22222.222222
Vencimento [DATE] valor total [MONEY]
Receita Federal do Brasil DAS
Documento de Arrecadação do Simples Nacional
Programa Gerador do DAS",SimplesNacional,GuiaPagamento,synthetic
"INSS Guia da Previdência Social GPS
Código de pagamento 2100
Período de apuração [DATE] a [DATE]
Ministério da Previdência Social
Vencimento [DATE] valor total [MONEY]",GuiaGPS,GuiaPagamento,synthetic
"Autenticação bancária 00000.00000 11111.111111 22222.222222
EFD ICMS IPI número do recibo
Recibo de entrega de Escrituração Fiscal Digital
Sistema Público de Escrituração Digital SPED
Contribuinte: Empresa Exemplo 104 LTDA CNPJ [CNPJ]
Período de apuração [DATE] a [DATE]
Identificação do sujeito passivo [CNPJ]",SPEDFiscal,Recibo,synthetic
"Autenticação bancária 00000.00000 11111.111111 22222.222222
Código de barras 85640000001234567890123456789012345678901234
Boleto de contribuição assistencial
Sindicato dos empregados contribuição confederativa
Cedente sindicato código do beneficiário",BoletoSindicato,GuiaPagamento,synthetic
"Declaro ter recebido a importância líquida
Código de barras 85640000001234567890123456789012345678901234
Período de apuração [DATE] a [DATE]
Adiantamento Salarial
Identificação do sujeito passivo [CNPJ]
Vencimento [DATE] valor total [MONEY]
Adiantamento",Contracheque,Recibo,synthetic
"IRRF - Rendimento do trabalho assalariado DCTFWeb
Identificação do sujeito passivo [CNPJ]
Contribuição previdenciária CONTRPREV
Documento de Arrecadação de Receitas Federais
Período de apuração [DATE] a [DATE]
Contribuinte: Empresa Exemplo 104 LTDA CNPJ [CNPJ]",DCTFWEB,GuiaPagamento,synthetic
"Documento de Arrecadação do Simples Nacional
Autenticação bancária 00000.00000 11111.111111 22222.222222
Código de barras 85640000001234567890123456789012345678901234
Programa Gerador do DAS
Receita Federal do Brasil DAS",SimplesNacional,GuiaPagamento,synthetic
"Documento de Arrecadação de Receitas Federais
Código de barras 85640000001234567890123456789012345678901234
Contribuição previdenciária CONTRPREV
Período de apuração [DATE] a [DATE]
Contribuinte: Empresa Exemplo 104 LTDA CNPJ [CNPJ]
IRRF - Rendimento do trabalho assalariado DCTFWeb",DCTFWEB,GuiaPagamento,synthetic
"Identificação do sujeito passivo [CNPJ]
INSS Guia da Previdência Social GPS
Código de pagamento 2100
Contribuinte: Empresa Exemplo 104 LTDA CNPJ [CNPJ]
Ministério da Previdência Social",GuiaGPS,GuiaPagamento,synthetic
"Documento de Arrecadação de Receitas Federais
Período de apuração [DATE] a [DATE]
Identificação do sujeito passivo [CNPJ]
Código de barras 85640000001234567890123456789012345678901234
Ministério da Fazenda Secretaria da Receita Federal do Brasil
DARF código da receita 2089",DARF,GuiaPagamento,synthetic
"Contribuição previdenciária CONTRPREV
Vencimento [DATE] valor total [MONEY]
Documento de Arrecadação de Receitas Federais
IRRF - Rendimento do trabalho assalariado DCTFWeb
Período de apuração [DATE] a [DATE]
Código de barras 85640000001234567890123456789012345678901234",DCTFWEB,GuiaPagamento,synthetic
"Autenticação bancária 00000.00000 11111.111111 22222.222222
Período de apuração [DATE] a [DATE]
DARF código da receita 2089
Código de barras 85640000001234567890123456789012345678901234
Ministério da Fazenda Secretaria da Receita Federal do Brasil
Contribuinte: Empresa Exemplo 104 LTDA CNPJ [CNPJ]
Documento de Arrecadação de Receitas Federais",DARF,GuiaPagamento,synthetic
"Identificação do sujeito passivo [CNPJ]
Estado do Rio Grande Do Sul
Guia de Arrecadação
Código de barras 85640000001234567890123456789012345678901234
Vencimento [DATE] valor total [MONEY]
Guia de Arrecadação - GA
Contribuinte: Empresa Exemplo 104 LTDA CNPJ [CNPJ]",GARS,GuiaPagamento,synthetic
"Autenticação bancária 00000.00000 11111.111111 22222.222222
Cedente sindicato código do beneficiário
5indicato dos empregados contribuição confederativa
Bo1eto de contribuição assistencia1
Vencimento [DATE] va1or tota1 [MONEY]",BoletoSindicato,GuiaPagamento,synthetic
"Autenticação bancária 00000.00000 11111.111111 22222.222222
Contribuinte: Empresa Exemplo 104 LTDA CNPJ [CNPJ]
Código de barras 85640000001234567890123456789012345678901234
Ministério da Previdência Social
Código de pagamento 2100
INSS Guia da Previdência Social GPS
Período de apuração [DATE] a [DATE]",GuiaGPS,GuiaPagamento,synthetic
"Contribuinte: Empresa Exemplo 104 LTDA CNPJ [CNPJ]
Vencimento [DATE] valor total [MONEY]
Demonstração de Resultado
Demonstrativo de Resultado
Autenticação bancária 00000.00000 11111.111111 22222.222222",DREMensal,Relatorio,synthetic
"Período de apuração [DATE] a [DATE]
Guia de Arrecadação
Estado do Rio Grande Do Sul
Vencimento [DATE] valor total [MONEY]
Contribuinte: Empresa Exemplo 104 LTDA CNPJ [CNPJ]
Guia de Arrecadação - GA",GARS,GuiaPagamento,synthetic
"Adiantamento
Período de apuração [DATE] a [DATE]
Vencimento [DATE] va1or tota1 [MONEY]
Dec1aro ter recebido a importância 1íquida
Autenticação bancária 00000.00000 11111.111111 22222.222222
Adiantamento 5a1aria1",Contracheque,Recibo,synthetic
"Vencimento [DATE] valor total [MONEY]
Contribuição previdenciária CONTRPREV
Autenticação bancária 00000.00000 11111.111111 22222.222222
IRRF - Rendimento do trabalho assalariado DCTFWeb
Documento de Arrecadação de Receitas Federais",DCTFWEB,GuiaPagamento,synthetic
"ISSQN Imposto Sobre Serviços de Qualquer Natureza
Autenticação bancária 00000.00000 11111.111111 22222.222222
Código de barras 85640000001234567890123456789012345678901234
Guia de recolhimento municipal
Prefeitura de Porto Alegre",ISSPoa,GuiaPagamento,synthetic
"Identificação do sujeito passivo [CNPJ]
Fundo de Garantia do Tempo de Serviço
Período de apuração [DATE] a [DATE]
GFD - Guia do FGTS Digital
Competência da guia FGTS Digital",FGTSDigital,GuiaPagamento,synthetic
"Prefeitura de Porto Alegre
ISSQN Imposto Sobre Serviços de Qualquer Natureza
Contribuinte: Empresa Exemplo 104 LTDA CNPJ [CNPJ]
Código de barras 85640000001234567890123456789012345678901234
Período de apuração [DATE] a [DATE]
Guia de recolhimento municipal",ISSPoa,GuiaPagamento,synthetic
"Vencimento [DATE] valor total [MONEY]
Código de barras 85640000001234567890123456789012345678901234
Sindicato dos empregados contribuição confederativa
Boleto de contribuição assistencial
Cedente sindicato código do beneficiário",BoletoSindicato,GuiaPagamento,synthetic
"Autenticação bancária 00000.00000 11111.111111 22222.222222
Competência da guia FGTS Digital
Vencimento [DATE] valor total [MONEY]
GFD - Guia do FGTS Digital
Fundo de Garantia do Tempo de Serviço
Período de apuração [DATE] a [DATE]",FGTSDigital,GuiaPagamento,synthetic
"Estado do Rio Grande Do Sul
Contribuinte: Empresa Exemplo 104 LTDA CNPJ [CNPJ]
Guia de Arrecadação - GA
Autenticação bancária 00000.00000 11111.111111 22222.222222
Vencimento [DATE] valor total [MONEY]
Guia de Arrecadação
Identificação do sujeito passivo [CNPJ]",GARS,GuiaPagamento,synthetic
"Competência da guia FGTS Digital
Vencimento [DATE] valor total [MONEY]
Código de barras 85640000001234567890123456789012345678901234
Fundo de Garantia do Tempo de Serviço
Autenticação bancária 00000.00000 11111.111111 22222.222222
GFD - Guia do FGTS Digital",FGTSDigital,GuiaPagamento,synthetic
"Ministério da Previdência 5ocia1
Código de pagamento 2100
Contribuinte: Empresa Exemp1o 104 LTDA CNPJ [CNPJ]
Período de apuração [DATE] a [DATE]
Código de barras 85640000001234567890123456789012345678901234
Vencimento [DATE] va1or tota1 [MONEY]
1N55 Guia da Previdência 5ocia1 GP5",GuiaGPS,GuiaPagamento,synthetic
"Contribuinte: Empresa Exemplo 104 LTDA CNPJ [CNPJ]
Código de barras 85640000001234567890123456789012345678901234
Guia de Arrecadação - GA
Guia de Arrecadação
Estado do Rio Grande Do Sul
Autenticação bancária 00000.00000 11111.111111 22222.222222",GARS,GuiaPagamento,synthetic
"DARF código da receita 2089
Autenticação bancária 00000.00000 11111.111111 22222.222222
Documento de Arrecadação de Receitas Federais
Código de barras 85640000001234567890123456789012345678901234
Ministério da Fazenda 5ecretaria da Receita Federa1 do Brasi1",DARF,GuiaPagamento,synthetic
"Código de pagamento 2100
INSS Guia da Previdência Social GPS
Contribuinte: Empresa Exemplo 104 LTDA CNPJ [CNPJ]
Identificação do sujeito passivo [CNPJ]
Código de barras 85640000001234567890123456789012345678901234
Autenticação bancária 00000.00000 11111.111111 22222.222222
Ministério da Previdência Social",GuiaGPS,GuiaPagamento,synthetic
"Competência da guia FGTS Digital
GFD - Guia do FGTS Digital
Identificação do sujeito passivo [CNPJ]
Vencimento [DATE] valor total [MONEY]
Autenticação bancária 00000.00000 11111.111111 22222.222222
Fundo de Garantia do Tempo de Serviço
Contribuinte: Empresa Exemplo 104 LTDA CNPJ [CNPJ]",FGTSDigital,GuiaPagamento,synthetic
"Período de apuração [DATE] a [DATE]
EFD 1CM5 1P1 número do recibo
Autenticação bancária 00000.00000 11111.111111 22222.222222
Contribuinte: Empresa Exemp1o 104 LTDA CNPJ [CNPJ]
Recibo de entrega de Escrituração Fisca1 Digita1
5istema Púb1ico de Escrituração Digita1 5PED
1dentificação do sujeito passivo [CNPJ]",SPEDFiscal,Recibo,synthetic
"Documento de Arrecadação do Simples Nacional
Programa Gerador do DAS
Autenticação bancária 00000.00000 11111.111111 22222.222222
Contribuinte: Empresa Exemplo 104 LTDA CNPJ [CNPJ]
Receita Federal do Brasil DAS
Identificação do sujeito passivo [CNPJ]
Código de barras 85640000001234567890123456789012345678901234",SimplesNacional,GuiaPagamento,synthetic
"ISSQN Imposto Sobre Serviços de Qualquer Natureza
Prefeitura de Porto Alegre
Período de apuração [DATE] a [DATE]
Guia de recolhimento municipal
Identificação do sujeito passivo [CNPJ]
Contribuinte: Empresa Exemplo 104 LTDA CNPJ [CNPJ]",ISSPoa,GuiaPagamento,synthetic
"Documento de Arrecadação do Simples Nacional
Código de barras 85640000001234567890123456789012345678901234
Receita Federal do Brasil DAS
Autenticação bancária 00000.00000 11111.111111 22222.222222
Período de apuração [DATE] a [DATE]
Programa Gerador do DAS",SimplesNacional,GuiaPagamento,synthetic
"Período de apuração [DATE] a [DATE]
Fundo de Garantia do Tempo de 5erviço
Contribuinte: Empresa Exemp1o 104 LTDA CNPJ [CNPJ]
Competência da guia FGT5 Digita1
GFD - Guia do FGT5 Digita1",FGTSDigital,GuiaPagamento,synthetic
"Contribuinte: Empresa Exemplo 104 LTDA CNPJ [CNPJ]
Contribuição previdenciária CONTRPREV
IRRF - Rendimento do trabalho assalariado DCTFWeb
Vencimento [DATE] valor total [MONEY]
Período de apuração [DATE] a [DATE]
Documento de Arrecadação de Receitas Federais",DCTFWEB,GuiaPagamento,synthetic
"Boleto de contribuição assistencial
Período de apuração [DATE] a [DATE]
Autenticação bancária 00000.00000 11111.111111 22222.222222
Sindicato dos empregados contribuição confederativa
Cedente sindicato código do beneficiário
Código de barras 85640000001234567890123456789012345678901234",BoletoSindicato,GuiaPagamento,synthetic
"Período de apuração [DATE] a [DATE]
Código de barras 85640000001234567890123456789012345678901234
Ministério da Previdência 5ocia1
1N55 Guia da Previdência 5ocia1 GP5
Autenticação bancária 00000.00000 11111.111111 22222.222222
Código de pagamento 2100",GuiaGPS,GuiaPagamento,synthetic
"GFD - Guia do FGTS Digital
Vencimento [DATE] valor total [MONEY]
Fundo de Garantia do Tempo de Serviço
Contribuinte: Empresa Exemplo 104 LTDA CNPJ [CNPJ]
Identificação do sujeito passivo [CNPJ]
Competência da guia FGTS Digital",FGTSDigital,GuiaPagamento,synthetic
